temperature,humidity,soil_moisture,rain/rain_probability,crop,crop_stage,yield,market_demand,price
31.2,61.7,52.9,28.4,Tapioca,Root Initiation,10800,3691,27.66
35.2,68.7,44.1,12.7,Bitter Gourd,Harvest,14827,8558,60.4
34.6,86.3,59.4,32.6,Potato,Tuber Initiation,7327,5327,25.31
36.2,94.2,47.3,19.8,Chilli,Flowering,3600,1512,76.12
31.1,76.3,54.1,26.6,Coriander,Leaf Expansion,1530,1525,105.78
31.1,65.6,33.7,5.5,Cauliflower,Harvest,19691,20381,30.15
35.5,69.7,53.7,14.9,Tomato,Vegetative,11400,9251,33.17
32.8,74.6,47.3,7.7,Potato,Tuber Initiation,5700,5451,28.87
32.1,63.1,44.3,0.0,Banana,Flowering,66195,55175,31.63
32.9,75.1,51.5,26.1,Potato,Vegetative,6845,7431,28.33
32.6,63.5,31.4,14.8,Pumpkin,Vegetative,9713,5107,28.92
30.8,60.4,46.9,0.0,Chilli,Fruiting,5054,3808,65.81
37.9,67.8,42.1,18.9,Brinjal,Vegetative,14923,15128,27.35
34.1,60.8,43.8,7.2,Coriander,Leaf Expansion,1651,915,168.21
30.8,60.9,48.5,31.5,Onion,Bulb Development,5400,3522,40.25
32.1,59.4,35.0,30.8,Pumpkin,Maturity,30193,19927,16.88
33.9,67.2,36.5,23.7,Coriander,Seed Maturity,1635,884,178.99
34.2,65.9,38.4,11.5,Bitter Gourd,Harvest,17272,11918,43.54
31.4,69.3,44.8,5.8,Cauliflower,Harvest,10733,4707,45.26
32.3,76.0,46.6,16.4,Onion,Vegetative,5400,4809,33.33
32.5,81.5,57.9,14.8,Coriander,Leaf Expansion,1338,1725,83.53
30.9,97.0,49.3,25.2,Potato,Maturity,10614,11576,29.03
37.2,70.7,41.9,0.0,Chilli,Flowering,6833,6497,50.41
30.6,72.7,44.8,11.9,Drumstick,Flowering,20819,12644,64.67
35.2,75.8,42.1,30.4,Tomato,Seedling,11400,5051,41.24
33.2,85.1,55.8,39.1,Cauliflower,Curd Initiation,14282,9496,44.94
34.2,70.9,39.8,16.3,Onion,Bulb Development,5807,5471,25.37
31.3,68.2,51.7,19.1,Brinjal,Flowering,18526,5840,47.77
27.8,79.2,55.8,19.4,Coriander,Seed Maturity,2298,952,116.89
36.2,69.4,42.0,15.0,Pumpkin,Vegetative,9600,8821,17.53
33.1,68.5,38.8,36.3,Chilli,Seedling,4180,4620,65.26
34.6,63.0,27.7,8.0,Drumstick,Pod Development,17348,19505,50.48
34.4,81.0,44.6,4.9,Potato,Tuber Initiation,5700,5147,28.42
27.6,60.3,39.7,0.0,Brinjal,Flowering,17955,19474,34.0
32.9,58.7,44.7,17.8,Coriander,Flowering,1558,1224,119.25
33.5,55.4,24.0,1.2,Drumstick,Pod Development,22979,9903,62.42
26.3,66.5,45.1,17.9,Tomato,Vegetative,15232,11338,37.62
29.8,70.1,51.8,15.0,Onion,Bulb Enlargement,9164,5263,30.46
29.7,87.4,62.1,28.6,Coriander,Vegetative,1050,572,140.96
31.2,71.6,48.7,18.0,Coriander,Seed Maturity,2172,1681,156.82
35.8,54.0,44.9,0.0,Drumstick,Flowering,13682,13038,51.71
28.1,68.0,51.9,34.5,Tomato,Seedling,13875,9477,48.06
31.8,67.7,37.1,40.1,Potato,Tuber Initiation,5700,3938,30.68
30.5,68.4,42.9,7.4,Pumpkin,Maturity,20781,14613,25.81
32.8,67.8,44.7,19.3,Coriander,Seed Maturity,1225,1364,113.98
30.1,69.8,40.2,7.1,Potato,Tuber Initiation,8783,5695,39.78
30.4,68.5,42.2,0.1,Tomato,Vegetative,21775,10589,39.54
35.8,74.9,56.8,13.0,Tomato,Vegetative,11400,8946,31.9
32.7,56.0,29.9,0.0,Banana,Bunch Development,49234,43677,27.32
28.0,58.4,38.3,9.2,Coriander,Vegetative,1620,852,99.67
31.4,62.2,41.1,16.7,Tomato,Fruiting,23620,23746,28.76
31.3,71.7,62.0,7.6,Tomato,Maturity,24083,16800,52.61
27.5,73.3,48.6,20.5,Drumstick,Pod Development,15568,6008,71.76
27.6,70.3,55.3,0.0,Onion,Bulb Enlargement,10236,4954,37.6
29.4,66.9,45.9,22.8,Drumstick,Flowering,11865,8345,55.77
32.9,80.0,45.0,31.1,Pumpkin,Flowering,9892,4324,30.53
30.8,54.8,38.5,2.7,Drumstick,Vegetative,9994,5937,90.38
29.4,69.3,39.3,23.5,Pumpkin,Flowering,20413,15866,20.55
30.5,78.5,41.2,11.8,Brinjal,Fruiting,25392,17052,43.33
35.5,72.3,39.3,10.2,Cauliflower,Vegetative,8400,3720,47.84
33.6,82.4,53.6,24.2,Onion,Nursery,5400,4272,35.08
35.5,77.6,38.6,15.3,Tomato,Fruiting,21970,12771,57.71
31.0,73.4,49.8,26.4,Banana,Bunch Development,54118,48214,38.42
35.1,93.2,53.2,14.0,Tapioca,Tuber Bulking,16748,16789,22.63
32.5,62.0,55.1,16.8,Potato,Vegetative,6242,6594,30.13
31.3,77.5,52.6,10.9,Coriander,Vegetative,1183,752,133.99
33.9,73.7,55.4,21.5,Onion,Bulb Development,7309,9317,24.63
26.4,85.3,55.9,6.8,Potato,Vegetative,5700,2604,36.21
30.5,60.8,48.5,31.9,Brinjal,Vegetative,15067,8906,51.93
29.5,63.8,52.8,25.3,Coriander,Flowering,1050,652,140.52
31.6,61.0,46.4,0.0,Bitter Gourd,Flowering,13147,5358,60.34
35.4,84.4,53.0,7.2,Pumpkin,Maturity,19288,24921,15.95
31.4,81.9,56.1,17.2,Potato,Tuber Initiation,9225,5180,48.27
29.6,65.8,47.3,9.5,Drumstick,Pod Development,16393,13737,47.7
28.6,72.2,44.0,36.4,Pumpkin,Maturity,24465,27881,19.98
33.2,70.6,42.6,0.0,Pumpkin,Maturity,16380,13222,23.57
29.8,57.7,33.3,14.9,Tapioca,Tuber Bulking,20502,18694,20.39
28.9,69.5,39.5,26.6,Pumpkin,Flowering,14544,7305,26.54
30.5,64.0,43.3,0.0,Coriander,Vegetative,1221,883,176.23
29.4,77.5,64.5,18.0,Banana,Vegetative,29226,23011,35.46
26.7,78.5,44.7,26.8,Coriander,Vegetative,1163,796,148.85
29.8,70.2,48.9,13.5,Tapioca,Tuber Bulking,18867,15792,17.51
35.4,76.6,47.7,27.6,Cauliflower,Curd Development,14570,22239,22.95
28.3,70.8,45.4,17.7,Tomato,Vegetative,14629,10209,38.99
31.8,73.5,38.1,16.9,Chilli,Flowering,5895,4033,62.24
33.3,58.8,39.3,0.0,Drumstick,Vegetative,8400,8935,42.36
28.4,64.7,57.5,21.0,Pumpkin,Flowering,15721,10709,31.84
34.6,64.6,27.5,28.1,Banana,Flowering,44878,39797,22.88
29.5,58.2,40.9,19.2,Bitter Gourd,Fruiting,14902,14250,36.84
37.9,74.6,44.4,10.3,Banana,Flowering,27000,26582,24.48
34.4,73.6,50.7,2.7,Onion,Maturity,8833,7155,30.83
32.4,60.0,45.3,32.9,Pumpkin,Fruit Development,21836,9420,36.7
34.6,55.5,31.9,18.8,Chilli,Vegetative,3600,2045,62.2
36.8,76.8,56.3,23.7,Cauliflower,Harvest,15606,12302,34.17
30.9,80.1,57.7,32.7,Pumpkin,Maturity,9600,10181,16.16
34.0,81.0,48.2,5.0,Banana,Vegetative,28125,30108,23.74
33.3,75.7,55.6,22.6,Tomato,Maturity,22849,9074,42.63
28.2,75.7,62.0,15.9,Brinjal,Seedling,12600,12701,48.95
32.4,56.7,35.1,7.9,Potato,Tuber Bulking,8815,8041,32.58
31.1,83.1,47.1,45.3,Coriander,Flowering,1050,771,131.9
33.1,54.3,49.4,9.7,Tapioca,Tuber Bulking,19884,11171,25.9
32.3,79.7,52.2,22.7,Potato,Tuber Initiation,5849,4358,31.07
30.6,59.9,47.5,8.7,Banana,Bunch Development,51913,34563,44.02
34.9,74.1,46.3,4.0,Banana,Flowering,36277,27672,40.25
34.0,49.9,46.0,30.2,Chilli,Seedling,3794,3035,69.45
32.7,71.8,53.0,14.6,Potato,Tuber Initiation,7173,3277,33.82
29.8,72.9,38.6,6.5,Cauliflower,Seedling,9074,5041,44.02
34.6,86.1,46.4,9.4,Potato,Tuber Initiation,7536,5849,24.47
34.4,60.2,40.5,0.0,Tapioca,Vegetative,12909,21005,15.36
32.1,53.8,33.4,4.4,Brinjal,Seedling,12600,5019,48.9
33.0,62.3,43.8,30.2,Tomato,Fruiting,18672,16610,30.84
33.9,80.2,44.1,19.2,Onion,Bulb Enlargement,10585,6930,37.27
33.5,80.2,44.3,39.1,Bitter Gourd,Fruiting,9101,4611,59.54
31.0,75.1,32.3,0.0,Coriander,Leaf Expansion,1064,626,241.34
34.5,69.8,55.6,40.6,Bitter Gourd,Harvest,15674,18421,39.24
35.5,56.9,35.6,0.0,Tapioca,Root Initiation,14235,17818,11.19
31.3,80.5,53.3,29.3,Drumstick,Vegetative,8400,9233,46.5
36.6,87.1,38.8,18.0,Bitter Gourd,Fruiting,17281,7059,42.56
32.7,70.0,38.6,0.1,Banana,Bunch Development,56160,41499,25.28
29.9,66.1,44.6,9.5,Onion,Nursery,5400,4824,31.64
34.8,87.3,32.5,25.8,Bitter Gourd,Fruiting,13705,6368,45.7
31.7,58.9,39.3,0.0,Potato,Tuber Initiation,5700,4327,39.93
28.7,66.8,41.3,17.6,Drumstick,Harvest,22269,24114,45.83
30.5,70.0,45.5,26.2,Cauliflower,Seedling,8400,5089,53.61
35.5,77.6,38.2,9.0,Coriander,Leaf Expansion,1050,698,129.76
33.9,74.4,37.1,15.6,Potato,Tuber Initiation,7788,4774,32.69
35.7,90.7,47.8,14.4,Banana,Flowering,38996,40501,25.87
30.2,73.4,46.7,14.8,Drumstick,Flowering,17963,10755,49.19
28.5,55.1,47.8,44.2,Drumstick,Harvest,29152,11222,61.16
27.5,59.7,44.4,29.0,Onion,Bulb Enlargement,16963,9663,37.14
30.2,62.2,46.2,8.0,Tapioca,Maturity,21584,12790,19.83
33.0,70.1,48.9,16.4,Onion,Maturity,12650,9116,24.35
30.7,67.1,52.4,0.0,Coriander,Leaf Expansion,1083,671,143.8
33.9,59.4,37.5,0.0,Drumstick,Vegetative,13227,5917,81.14
32.8,71.5,34.9,0.9,Bitter Gourd,Flowering,16480,11047,50.92
30.1,45.4,34.1,6.0,Tapioca,Vegetative,18840,8215,24.92
31.5,89.1,35.3,28.4,Cauliflower,Curd Initiation,18662,19559,32.16
34.4,47.4,39.2,0.0,Chilli,Flowering,3600,1926,63.77
30.8,55.4,49.5,0.0,Potato,Vegetative,7508,8634,26.03
25.6,68.4,50.8,36.3,Bitter Gourd,Fruiting,18601,13389,55.31
35.0,60.5,34.9,15.6,Banana,Vegetative,34537,35181,19.96
32.0,70.6,38.6,14.2,Banana,Bunch Development,56087,55127,32.77
36.1,73.2,44.6,4.4,Drumstick,Flowering,11126,9318,62.36
34.1,81.4,45.0,18.2,Pumpkin,Fruit Development,22646,21269,23.2
29.0,69.7,51.5,4.3,Tomato,Flowering,13877,8693,37.48
31.6,76.3,42.1,4.2,Drumstick,Pod Development,16182,11343,61.21
34.0,82.1,39.1,23.0,Tapioca,Vegetative,10800,12283,15.12
33.0,79.2,34.6,26.7,Tomato,Vegetative,14396,11212,44.25
34.1,64.8,38.3,19.2,Banana,Bunch Development,86726,35915,33.39
33.3,70.5,48.3,0.0,Pumpkin,Fruit Development,17118,19012,17.8
29.0,85.1,53.9,18.6,Tapioca,Tuber Bulking,15907,6358,30.5
31.8,62.8,52.9,0.0,Brinjal,Flowering,16008,8617,53.17
31.5,68.4,46.5,21.4,Potato,Tuber Initiation,10063,11961,22.15
32.5,59.8,46.3,15.1,Pumpkin,Maturity,21374,15537,22.37
32.4,71.9,52.6,0.0,Pumpkin,Fruit Development,9600,4266,28.86
35.8,72.6,45.3,34.6,Cauliflower,Curd Development,13091,6270,49.1
25.7,66.9,59.7,0.0,Cauliflower,Curd Development,15803,7926,62.26
26.6,65.6,46.8,15.6,Drumstick,Pod Development,20878,16096,45.47
34.8,80.1,64.5,45.2,Onion,Bulb Enlargement,10887,8861,27.99
34.0,77.1,44.6,0.0,Potato,Tuber Initiation,8016,7820,24.54
36.4,66.8,47.2,1.4,Banana,Maturity,57813,53375,30.19
27.5,62.8,49.9,25.8,Brinjal,Harvest,31436,12923,58.86
32.3,73.6,46.3,2.9,Bitter Gourd,Fruiting,16941,12812,39.49
30.9,76.4,39.9,22.4,Bitter Gourd,Harvest,27105,24389,50.4
30.0,65.6,49.4,14.7,Chilli,Vegetative,4870,5297,66.42
31.6,93.1,57.7,22.0,Drumstick,Flowering,10735,6539,51.19
30.1,68.1,61.0,37.8,Banana,Bunch Development,54780,22947,46.47
34.6,68.2,41.0,15.2,Drumstick,Flowering,12068,10365,49.67
30.1,67.8,40.8,12.6,Drumstick,Flowering,12236,9357,59.93
29.8,81.0,48.9,31.2,Drumstick,Harvest,23785,23948,46.64
29.2,65.1,42.8,14.6,Coriander,Flowering,1050,572,134.67
28.2,58.1,48.0,9.7,Cauliflower,Seedling,8400,4125,64.39
29.8,70.6,56.0,21.8,Brinjal,Flowering,14987,6036,54.17
30.3,78.4,56.3,23.7,Onion,Maturity,10600,5279,35.0
29.8,76.1,41.0,12.1,Brinjal,Vegetative,23936,10864,50.75
34.6,80.2,57.8,33.2,Brinjal,Fruiting,17083,19243,30.02
29.4,62.3,48.2,0.0,Coriander,Seed Maturity,1408,903,117.61
31.0,67.5,37.6,33.9,Potato,Vegetative,5700,4866,23.05
36.1,65.3,33.1,12.2,Drumstick,Pod Development,15852,13574,51.08
32.3,78.2,43.3,3.9,Tapioca,Vegetative,15151,8135,18.15
34.7,76.3,49.2,17.0,Tomato,Vegetative,16167,11880,31.74
29.4,70.4,42.2,18.3,Banana,Flowering,60825,29823,41.77
33.0,84.0,52.2,0.0,Potato,Tuber Bulking,6706,8390,27.77
32.2,81.8,53.6,9.9,Potato,Maturity,9283,4254,35.78
28.7,68.0,36.8,16.8,Brinjal,Vegetative,17431,11623,53.87
29.8,61.9,32.6,16.1,Tomato,Vegetative,19562,13211,30.05
29.0,71.8,58.4,50.8,Tapioca,Tuber Bulking,26265,20384,22.17
34.3,74.4,46.4,0.0,Tomato,Seedling,11400,6874,30.11
27.0,73.8,55.7,23.3,Potato,Vegetative,6334,4498,28.19
35.9,84.6,46.4,10.4,Onion,Nursery,5400,5583,31.35
33.0,78.4,58.3,13.5,Tapioca,Maturity,19459,8486,25.5
30.9,63.5,46.1,0.0,Brinjal,Seedling,12600,11612,55.5
33.9,46.8,30.8,12.9,Cauliflower,Seedling,8400,14953,22.18
34.8,70.3,30.8,22.0,Potato,Maturity,13969,11052,39.96
29.7,57.4,41.5,16.7,Tapioca,Vegetative,18264,8130,25.5
30.0,76.2,41.2,18.9,Tomato,Fruiting,20955,10805,41.51
38.6,75.7,37.0,7.7,Tomato,Maturity,20326,21946,29.4
35.7,81.8,53.2,0.0,Pumpkin,Maturity,19219,13692,20.85
33.4,68.3,32.3,0.0,Chilli,Fruiting,4761,3563,67.67
32.8,74.3,26.8,0.0,Chilli,Harvest,6164,4274,67.48
31.7,48.0,32.3,2.9,Cauliflower,Vegetative,11320,5782,46.16
28.4,78.0,41.0,8.6,Chilli,Flowering,9628,4607,105.78
31.9,79.6,36.9,24.6,Bitter Gourd,Vegetative,12575,4774,69.29
31.7,74.0,48.2,23.3,Tapioca,Vegetative,13041,5426,22.95
32.1,50.1,39.3,21.4,Cauliflower,Harvest,16607,8568,46.69
36.6,77.1,46.4,20.1,Bitter Gourd,Harvest,16937,21286,31.18
32.6,76.1,52.5,14.1,Potato,Tuber Initiation,8192,6977,32.11
33.0,54.8,38.0,29.7,Banana,Flowering,48832,21375,36.31
28.6,73.3,43.5,26.2,Cauliflower,Vegetative,8400,3411,43.02
33.9,69.7,50.3,0.0,Banana,Maturity,47494,39548,31.52
32.3,72.9,34.9,12.6,Banana,Flowering,53777,40445,21.81
30.0,67.9,58.2,12.0,Cauliflower,Curd Development,16501,11710,56.54
34.8,65.3,41.3,26.8,Potato,Vegetative,5965,6694,22.7
28.9,62.2,55.3,28.9,Tomato,Maturity,32265,19758,35.54
32.8,85.2,49.9,0.0,Chilli,Vegetative,3991,2524,48.13
29.8,77.3,38.1,28.2,Brinjal,Flowering,25148,21692,45.97
33.0,55.9,50.2,35.0,Coriander,Seed Maturity,1336,896,102.08
32.1,50.1,47.0,19.7,Pumpkin,Flowering,13340,12564,20.7
33.5,70.2,57.7,38.4,Bitter Gourd,Vegetative,7283,5081,52.78
31.2,64.0,50.6,24.6,Banana,Maturity,41410,15105,62.61
26.7,63.7,48.0,16.8,Tomato,Maturity,19144,15161,47.09
34.1,69.8,56.8,25.4,Bitter Gourd,Flowering,12091,6624,61.99
28.8,79.3,51.8,0.0,Tapioca,Maturity,19742,7995,22.34
27.0,76.2,62.1,13.5,Chilli,Vegetative,3600,1848,93.4
31.7,64.9,44.0,34.4,Drumstick,Flowering,15993,10460,69.77
31.0,71.5,22.9,7.9,Tomato,Fruiting,20060,11617,32.35
33.5,65.5,47.5,13.6,Pumpkin,Vegetative,15751,12716,21.48
34.7,62.2,23.5,12.6,Potato,Vegetative,6858,3713,37.3
31.9,65.6,55.7,6.6,Coriander,Seed Maturity,2059,851,195.25
30.8,62.0,43.1,0.0,Drumstick,Flowering,11204,4329,68.11
34.9,80.4,52.5,13.3,Potato,Tuber Initiation,8658,5449,37.02
33.4,87.3,49.1,37.2,Tomato,Fruiting,24074,21695,43.13
30.2,64.5,50.8,25.9,Coriander,Flowering,1885,1031,187.36
29.3,64.3,55.0,13.8,Onion,Bulb Enlargement,7956,8851,33.32
30.3,66.3,47.9,5.6,Chilli,Fruiting,6921,4478,71.49
28.6,82.2,47.0,13.5,Banana,Bunch Development,57584,54733,29.39
31.0,71.9,62.5,6.7,Potato,Maturity,9977,6503,24.14
32.2,76.0,43.4,6.2,Potato,Maturity,6477,3126,29.32
34.4,74.4,35.0,34.8,Potato,Tuber Bulking,10348,9137,26.85
34.3,68.1,30.9,7.7,Cauliflower,Harvest,10011,4670,42.67
30.9,68.2,50.8,33.6,Onion,Bulb Enlargement,9339,7057,33.13
31.6,53.1,45.8,0.0,Potato,Maturity,10292,11620,26.0
32.9,70.7,24.7,0.0,Bitter Gourd,Harvest,8300,2510,63.32
39.3,81.6,37.5,7.3,Coriander,Seed Maturity,1391,1280,104.34
29.3,75.9,57.9,24.5,Tomato,Flowering,23452,7849,38.8
32.9,66.9,51.2,22.0,Tapioca,Root Initiation,19931,15368,20.07
31.6,58.4,29.5,29.6,Potato,Tuber Bulking,8816,6141,29.65
34.2,77.4,58.5,24.3,Onion,Maturity,11105,5355,47.56
31.3,82.3,48.6,0.0,Cauliflower,Curd Development,10534,5007,49.95
27.7,93.9,43.8,36.7,Pumpkin,Maturity,27998,17666,27.97
34.5,66.9,39.7,16.5,Coriander,Flowering,1050,709,168.99
31.9,62.4,54.5,16.4,Brinjal,Seedling,12600,7234,48.85
29.2,86.0,58.5,16.6,Potato,Tuber Initiation,9647,4813,36.99
31.6,74.2,37.0,46.2,Tapioca,Maturity,32483,21716,24.66
36.8,70.7,51.5,30.4,Onion,Vegetative,5400,3345,35.38
29.4,74.9,42.5,17.8,Onion,Bulb Development,7830,5631,34.87
34.0,69.0,52.5,17.4,Pumpkin,Maturity,15321,11337,26.68
32.2,53.7,23.9,17.1,Tomato,Seedling,11400,5855,52.38
32.5,66.3,38.0,0.8,Tomato,Fruiting,19681,17707,35.64
31.7,72.9,56.7,21.0,Pumpkin,Vegetative,14365,8296,23.05
34.1,75.3,44.5,7.4,Chilli,Fruiting,4171,2979,57.62
32.3,75.8,48.5,37.2,Tapioca,Maturity,22767,20180,17.45
34.3,76.5,47.3,24.5,Bitter Gourd,Harvest,19445,13887,42.6
34.6,88.2,55.0,7.0,Banana,Maturity,55287,33207,41.93
30.9,63.6,41.8,21.7,Cauliflower,Harvest,12606,6706,33.71
32.7,76.9,38.1,31.8,Banana,Maturity,67460,53922,30.58
27.1,74.1,49.4,23.8,Tapioca,Tuber Bulking,14833,9257,20.31
32.3,66.7,38.5,11.3,Banana,Bunch Development,67556,49286,29.07
33.8,70.0,44.4,8.0,Chilli,Harvest,4881,3125,72.82
27.9,68.5,53.4,31.8,Brinjal,Seedling,12600,9962,38.87
31.7,64.5,30.8,10.2,Chilli,Vegetative,5966,4608,67.78
36.0,83.0,65.0,15.8,Tomato,Vegetative,14237,11502,42.59
30.9,75.4,59.9,13.2,Banana,Flowering,33602,33379,28.03
32.2,75.9,51.6,28.0,Drumstick,Flowering,14149,15983,44.85
35.8,67.2,43.1,43.9,Chilli,Fruiting,6693,4985,63.47
29.9,78.9,46.0,15.7,Brinjal,Vegetative,20294,8153,58.99
29.3,77.5,50.3,31.3,Drumstick,Harvest,24064,22818,51.3
28.8,64.9,46.6,10.7,Banana,Bunch Development,67853,52455,35.4
36.3,52.5,39.8,0.0,Potato,Vegetative,5844,1928,41.57
29.4,91.4,52.0,34.9,Cauliflower,Curd Initiation,12116,9888,34.38
29.1,59.6,39.3,20.6,Banana,Bunch Development,59668,43092,29.72
31.8,72.8,43.1,0.0,Potato,Vegetative,6744,3829,35.66
32.5,58.4,35.3,4.8,Banana,Maturity,63980,41833,32.19
37.1,68.3,30.8,19.3,Drumstick,Flowering,16664,8453,62.0
31.6,74.3,45.4,26.3,Potato,Tuber Initiation,5776,3526,36.04
34.4,41.0,34.3,0.0,Banana,Flowering,37888,32371,31.45
34.8,93.1,59.9,23.4,Brinjal,Fruiting,20925,16458,44.26
34.4,64.4,44.3,14.4,Potato,Tuber Initiation,8356,7260,31.25
29.8,61.9,41.6,25.2,Cauliflower,Harvest,15076,5558,48.6
28.4,71.7,58.4,0.0,Tomato,Fruiting,21515,16182,39.3
31.6,70.7,41.9,11.3,Drumstick,Pod Development,23957,24096,55.32
33.2,66.8,45.1,9.5,Coriander,Leaf Expansion,1522,821,128.89
33.1,61.7,34.8,1.8,Onion,Vegetative,5718,2087,54.3
29.3,62.7,29.4,8.0,Drumstick,Vegetative,20834,9561,66.09
33.2,71.4,50.2,25.1,Cauliflower,Seedling,8400,5877,45.37
38.1,66.5,31.3,28.5,Potato,Tuber Initiation,7226,3262,44.53
37.1,84.0,35.6,35.1,Coriander,Flowering,1050,373,128.2
29.1,65.4,36.1,20.4,Cauliflower,Curd Initiation,17794,17119,37.8
34.3,78.0,45.1,0.0,Chilli,Flowering,4478,2192,84.79
29.6,60.0,40.7,22.7,Potato,Tuber Initiation,7736,3815,38.2
35.3,71.7,41.0,22.4,Banana,Bunch Development,51379,45742,28.98
30.8,77.8,59.5,22.6,Bitter Gourd,Vegetative,10215,12874,32.47
32.2,67.8,35.7,16.6,Pumpkin,Flowering,14318,12991,18.23
33.7,63.1,45.4,9.8,Onion,Bulb Development,5400,3944,47.33
28.2,67.6,38.7,0.0,Cauliflower,Seedling,8400,5535,48.42
29.2,66.1,39.9,43.3,Banana,Maturity,72127,55006,44.89
30.8,66.2,54.0,28.8,Tapioca,Tuber Bulking,20741,17256,23.88
30.4,65.9,55.8,30.5,Coriander,Seed Maturity,2402,1876,130.14
33.2,71.5,49.5,31.3,Bitter Gourd,Vegetative,8817,4345,56.49
28.9,73.4,58.8,3.0,Chilli,Harvest,6650,3309,80.59
29.0,81.9,49.6,0.0,Cauliflower,Harvest,16197,11805,58.15
30.5,76.2,49.7,10.4,Coriander,Seed Maturity,1547,759,195.62
34.6,71.7,48.3,0.0,Coriander,Vegetative,1050,366,158.52
33.1,78.6,40.6,29.6,Tapioca,Root Initiation,23846,22671,21.61
30.9,62.1,32.7,15.8,Pumpkin,Flowering,17147,13394,25.64
29.4,60.6,56.6,0.0,Tapioca,Tuber Bulking,17371,12566,20.5
28.5,84.0,48.3,14.3,Coriander,Seed Maturity,1308,1080,91.73
30.3,80.9,64.3,5.8,Bitter Gourd,Vegetative,7679,5176,50.74
35.1,75.7,52.7,15.7,Brinjal,Seedling,12600,4874,56.58
33.3,77.4,37.6,32.3,Onion,Maturity,8304,8359,31.64
29.5,74.5,42.2,20.1,Coriander,Leaf Expansion,1611,1148,121.05
31.8,75.2,50.9,23.4,Chilli,Fruiting,3600,2605,83.78
34.8,76.7,42.7,5.6,Chilli,Flowering,5285,3920,60.6
34.4,66.0,45.8,32.1,Bitter Gourd,Harvest,13535,5224,62.1
33.1,69.3,41.6,0.0,Bitter Gourd,Flowering,12096,9620,64.67
36.5,71.4,45.6,0.0,Cauliflower,Seedling,8400,8456,28.43
33.7,70.3,33.7,26.4,Chilli,Flowering,6085,2827,86.5
36.5,68.0,45.4,17.9,Tomato,Maturity,22353,17806,28.73
34.1,64.3,47.9,0.0,Potato,Vegetative,5700,4113,26.14
34.4,78.3,57.3,29.6,Tomato,Fruiting,12314,7686,39.63
33.3,55.2,43.3,31.3,Brinjal,Vegetative,12600,6505,53.02
30.0,77.1,50.1,20.9,Tomato,Vegetative,11400,6124,39.49
29.8,62.4,50.2,26.4,Cauliflower,Curd Initiation,13598,6858,57.24
31.3,69.0,50.2,4.9,Bitter Gourd,Harvest,10859,8059,48.61
33.4,72.1,36.7,4.6,Pumpkin,Maturity,28179,26592,22.62
35.1,49.5,30.5,3.2,Coriander,Flowering,1050,358,172.63
32.6,59.7,29.8,22.3,Pumpkin,Flowering,18457,16725,19.25
31.4,81.1,39.4,0.0,Tomato,Maturity,29500,17477,38.14
36.1,73.6,39.5,36.3,Pumpkin,Vegetative,11086,11367,18.47
29.8,80.4,52.3,21.2,Banana,Flowering,38961,24828,35.88
28.9,64.6,55.1,7.0,Brinjal,Vegetative,14328,5138,54.09
32.6,80.7,40.7,22.7,Tomato,Maturity,26057,26864,28.36
27.1,69.8,53.2,7.3,Tomato,Fruiting,24529,8213,43.53
30.7,75.6,45.0,9.1,Tomato,Vegetative,12455,10250,34.94
35.7,93.4,54.2,18.3,Bitter Gourd,Harvest,12199,9609,32.73
31.3,68.6,40.4,8.8,Chilli,Harvest,10038,2625,68.92
32.1,74.5,33.9,19.3,Coriander,Seed Maturity,2161,1267,119.01
33.6,76.5,33.1,7.1,Potato,Tuber Initiation,7547,4984,38.22
31.6,78.2,39.2,29.7,Potato,Vegetative,5700,5480,33.19
26.6,66.3,57.0,22.6,Brinjal,Seedling,13172,11127,42.23
27.5,52.0,39.0,8.0,Bitter Gourd,Vegetative,9345,3823,58.72
36.0,68.5,39.2,28.6,Onion,Vegetative,5471,3113,38.32
31.4,80.5,55.2,24.8,Bitter Gourd,Flowering,9793,4573,56.49
32.1,52.3,35.3,8.6,Chilli,Fruiting,6783,7512,50.19
35.3,72.0,39.3,17.0,Chilli,Vegetative,6216,6343,65.57
28.3,68.5,52.9,16.3,Potato,Tuber Initiation,5700,5481,29.0
32.1,73.2,46.5,22.3,Banana,Bunch Development,50292,29398,36.44
32.7,76.2,57.1,20.0,Pumpkin,Vegetative,11273,5357,19.78
33.1,97.0,55.8,36.1,Tapioca,Vegetative,10861,13288,13.44
28.7,66.0,49.3,0.0,Cauliflower,Curd Initiation,8647,5534,53.69
33.5,78.3,43.6,0.0,Pumpkin,Flowering,13935,11103,22.92
32.5,76.9,49.0,22.8,Coriander,Leaf Expansion,1210,1122,121.68
28.9,73.4,42.8,0.0,Tomato,Maturity,18665,17823,26.02
32.8,58.9,36.4,8.5,Tapioca,Root Initiation,28419,20345,18.06
26.7,71.5,39.6,17.4,Tomato,Seedling,11400,6352,59.33
32.0,63.5,49.3,15.0,Brinjal,Vegetative,21470,17568,35.99
31.1,67.9,49.1,15.3,Onion,Bulb Development,5400,2600,43.22
33.6,95.2,65.0,20.2,Pumpkin,Fruit Development,15134,9709,28.77
29.6,71.4,57.5,12.7,Cauliflower,Curd Initiation,9255,5272,43.56
28.2,71.7,53.8,10.7,Banana,Flowering,45749,26681,38.97
29.5,68.0,42.5,7.5,Coriander,Vegetative,1050,738,151.87
35.2,86.2,43.3,27.9,Tapioca,Maturity,21979,9324,23.68
32.3,59.6,36.0,23.5,Onion,Bulb Development,7378,8846,26.68
34.6,74.8,53.3,11.9,Banana,Vegetative,28109,35646,17.87
40.2,81.5,37.6,22.4,Pumpkin,Maturity,25422,17441,23.64
34.2,80.4,59.5,17.7,Brinjal,Flowering,17683,8844,34.22
29.8,78.9,51.5,19.1,Coriander,Flowering,1063,1081,148.01
31.6,69.0,32.7,15.1,Potato,Maturity,12087,8870,34.36
32.3,63.5,40.6,15.1,Onion,Nursery,5400,3287,51.18
30.0,71.9,48.4,29.2,Tapioca,Root Initiation,17290,5247,27.83
39.0,63.5,32.9,0.0,Tapioca,Root Initiation,15167,8351,19.4
33.0,79.6,56.0,36.6,Pumpkin,Maturity,15540,11232,25.57
26.2,70.3,40.0,24.3,Tapioca,Maturity,27419,23931,24.94
32.2,85.3,50.9,28.9,Coriander,Leaf Expansion,1765,2235,113.58
30.0,70.8,57.9,11.1,Tapioca,Root Initiation,11004,8957,16.89
31.9,76.5,59.5,28.8,Cauliflower,Vegetative,8400,6934,45.28
32.9,69.1,36.6,25.1,Pumpkin,Flowering,15590,9636,31.13
27.5,74.4,58.0,3.0,Drumstick,Harvest,14808,11168,71.55
34.7,72.8,38.1,16.1,Bitter Gourd,Flowering,7893,7058,46.89
30.4,60.2,47.0,7.5,Pumpkin,Flowering,9600,8401,24.17
32.3,66.2,54.4,12.6,Bitter Gourd,Harvest,18690,25216,36.87
35.1,70.0,47.6,23.3,Pumpkin,Flowering,10870,11896,25.63
27.2,76.2,45.9,19.4,Chilli,Harvest,10757,10435,72.22
32.3,85.9,58.2,41.5,Drumstick,Pod Development,18837,13808,48.1
32.7,81.1,42.4,24.9,Drumstick,Harvest,19379,16821,64.99
31.2,75.0,57.0,4.7,Cauliflower,Curd Development,13537,6314,50.24
29.7,61.4,39.1,29.7,Chilli,Harvest,11066,9939,75.3
28.4,95.8,45.9,16.2,Tomato,Maturity,22846,9691,44.61
32.8,77.7,44.1,29.7,Onion,Maturity,9272,7402,32.6
27.7,65.0,43.2,20.5,Tapioca,Root Initiation,15717,24323,14.05
33.1,47.3,44.3,26.2,Brinjal,Harvest,33713,22210,43.39
30.0,62.4,44.2,24.2,Coriander,Vegetative,1155,390,153.94
35.3,67.3,43.1,1.1,Onion,Bulb Development,8769,7553,28.06
32.7,61.5,27.5,0.0,Coriander,Vegetative,1232,968,125.85
30.3,66.0,57.8,21.4,Bitter Gourd,Harvest,14990,18569,32.46
32.6,75.6,60.4,0.0,Potato,Vegetative,6374,5874,33.71
32.5,97.0,52.1,38.2,Pumpkin,Maturity,23535,13163,30.6
29.5,81.6,52.5,24.0,Coriander,Leaf Expansion,1145,850,128.67
31.9,71.5,44.2,23.0,Tapioca,Tuber Bulking,27237,19838,22.76
32.6,69.2,33.6,14.5,Pumpkin,Fruit Development,23301,12693,20.66
26.9,66.6,38.7,22.7,Potato,Maturity,12147,9524,31.87
35.1,79.8,45.2,3.3,Pumpkin,Fruit Development,18905,13905,20.05
31.1,74.5,48.6,0.0,Drumstick,Flowering,13234,10244,52.93
29.0,83.0,59.4,22.3,Potato,Vegetative,6144,4383,42.43
32.9,63.9,43.6,8.4,Cauliflower,Harvest,22660,13943,35.44
27.8,69.9,49.8,26.5,Tomato,Fruiting,19171,15071,49.6
36.9,82.6,50.0,18.0,Chilli,Flowering,3600,5408,45.12
32.9,70.7,53.2,46.1,Drumstick,Pod Development,20475,19574,56.36
34.2,72.4,47.6,0.0,Onion,Bulb Development,6125,3555,34.91
29.1,82.5,54.4,13.1,Tomato,Maturity,26822,12780,58.31
29.3,77.5,43.9,0.0,Tomato,Flowering,12443,8277,30.81
32.5,65.5,50.7,0.0,Onion,Vegetative,6182,6255,26.94
37.7,84.6,61.1,13.5,Tapioca,Root Initiation,10800,6827,22.42
33.9,85.2,45.0,13.9,Drumstick,Flowering,16282,11280,40.76
35.3,58.9,24.5,2.3,Potato,Vegetative,5700,3197,47.88
34.7,97.0,53.8,25.1,Potato,Vegetative,6671,5007,26.88
36.0,78.8,42.7,22.2,Banana,Maturity,77986,85605,32.62
30.7,63.9,38.5,14.5,Tomato,Flowering,18357,11550,43.18
33.6,60.4,41.8,22.2,Pumpkin,Vegetative,11530,6942,24.39
36.4,74.0,46.2,0.0,Chilli,Harvest,4215,3916,72.17
30.8,55.4,43.2,0.0,Pumpkin,Vegetative,11003,4315,32.1
31.0,89.4,59.0,28.7,Banana,Vegetative,31674,11923,41.5
34.1,64.8,35.7,15.9,Tomato,Maturity,24587,27644,30.26
35.1,75.4,52.0,0.0,Tomato,Vegetative,11400,7452,33.42
32.6,67.3,29.5,18.6,Drumstick,Vegetative,11075,6182,64.18
31.0,59.4,51.0,31.4,Coriander,Leaf Expansion,1575,1794,100.02
31.3,61.5,36.3,0.0,Drumstick,Vegetative,13058,12525,42.84
30.9,78.8,48.6,26.1,Cauliflower,Vegetative,8400,8115,50.6
34.2,63.1,46.7,0.0,Coriander,Seed Maturity,1953,1915,96.71
29.6,69.6,44.0,6.6,Potato,Vegetative,5700,2885,42.45
35.4,61.1,54.5,0.0,Bitter Gourd,Flowering,10032,5998,52.47
31.9,79.8,41.1,6.7,Potato,Vegetative,5700,3306,36.22
28.2,85.1,55.6,8.5,Tapioca,Root Initiation,11464,4307,24.65
28.8,54.0,41.4,15.6,Tapioca,Tuber Bulking,28023,24656,14.06
31.6,81.9,42.7,26.3,Pumpkin,Maturity,19191,12304,24.02
34.0,78.1,37.0,9.8,Chilli,Seedling,3600,1226,89.15
30.7,77.5,49.2,32.6,Bitter Gourd,Harvest,14869,9365,61.34
32.6,79.3,49.6,23.6,Banana,Bunch Development,43904,27120,33.56
36.4,71.9,29.3,10.6,Tomato,Fruiting,24267,20781,22.94
35.7,58.7,48.5,14.3,Coriander,Flowering,1606,1633,105.64
31.7,61.6,43.5,26.3,Banana,Vegetative,40367,28470,38.57
28.4,71.1,43.7,0.0,Onion,Bulb Enlargement,5857,3316,40.43
28.5,88.9,59.9,14.8,Onion,Nursery,5400,1830,42.26
34.9,71.6,35.7,0.0,Banana,Maturity,73036,36475,37.51
32.9,71.7,47.5,21.7,Onion,Bulb Development,5745,4801,35.28
33.5,85.7,35.0,25.5,Tapioca,Vegetative,19196,24663,14.13
30.3,64.1,54.9,18.5,Chilli,Flowering,5710,3192,83.8
35.6,58.8,47.9,11.4,Onion,Bulb Enlargement,7063,10024,22.93
27.0,69.9,56.6,6.3,Onion,Bulb Development,8267,6027,29.66
35.1,67.7,39.7,44.5,Coriander,Seed Maturity,1119,667,110.75
28.9,77.3,60.5,20.2,Onion,Nursery,5400,2663,47.67
31.3,67.4,36.5,11.7,Brinjal,Harvest,25097,13295,50.01
33.9,76.1,60.9,7.0,Pumpkin,Vegetative,11396,14658,17.67
32.7,78.5,54.4,0.0,Banana,Bunch Development,53820,59624,25.93
30.2,85.9,64.3,22.5,Onion,Nursery,5400,3427,38.81
35.7,65.0,36.3,3.8,Banana,Maturity,58819,43380,29.91
31.7,81.3,48.5,25.7,Pumpkin,Fruit Development,24589,28919,15.03
36.7,64.7,44.6,12.4,Coriander,Vegetative,1050,779,143.84
32.2,75.2,65.0,16.1,Chilli,Harvest,8250,6973,59.79
32.1,59.0,34.2,6.1,Bitter Gourd,Fruiting,20567,12073,37.3
33.7,72.6,47.2,9.1,Bitter Gourd,Fruiting,12333,6187,57.87
34.8,67.4,40.1,14.5,Onion,Maturity,6031,4877,31.07
30.9,70.1,44.1,9.9,Onion,Maturity,11434,8068,34.18
28.6,54.6,36.8,0.0,Potato,Vegetative,6350,8262,25.54
30.6,73.1,38.8,17.9,Potato,Maturity,12521,12664,22.5
29.9,74.1,53.8,0.0,Tomato,Flowering,18884,26261,24.77
30.2,72.6,36.8,0.0,Coriander,Vegetative,1050,869,139.83
35.0,81.2,53.3,7.8,Bitter Gourd,Vegetative,7200,4218,54.58
30.3,64.7,38.2,3.8,Tapioca,Vegetative,18654,12155,22.75
32.5,70.3,38.3,31.2,Banana,Maturity,62371,21697,48.86
37.7,78.8,49.7,13.3,Potato,Maturity,12264,4578,43.32
27.2,52.4,47.6,6.2,Bitter Gourd,Fruiting,19313,9769,69.54
30.8,64.4,39.4,0.0,Tapioca,Vegetative,10800,12412,18.22
34.1,61.9,38.1,14.8,Tapioca,Tuber Bulking,24708,17723,22.66
32.8,84.0,41.1,33.8,Coriander,Seed Maturity,2271,1034,119.75
28.2,84.5,61.0,31.1,Chilli,Harvest,6745,5696,55.63
33.4,54.6,32.8,19.1,Chilli,Seedling,3728,2792,58.05
35.5,80.2,53.5,0.0,Drumstick,Pod Development,15857,17497,42.79
30.9,62.5,44.1,2.4,Brinjal,Seedling,12600,9399,34.2
31.7,72.5,54.5,24.8,Drumstick,Flowering,14128,13735,41.29
31.4,72.4,52.0,0.0,Brinjal,Flowering,23728,32089,37.35
30.2,71.2,57.6,17.9,Onion,Bulb Enlargement,7379,7269,37.47
34.4,69.6,56.5,16.8,Tomato,Maturity,19485,15863,33.68
30.6,75.4,41.3,0.0,Bitter Gourd,Vegetative,7597,2828,64.52
32.5,59.9,47.5,0.0,Drumstick,Harvest,19764,8986,63.79
33.0,60.0,38.9,21.2,Coriander,Vegetative,1050,837,100.31
39.2,72.8,53.4,9.8,Chilli,Flowering,4050,2193,64.99
32.3,81.7,58.0,17.5,Cauliflower,Curd Initiation,12236,6755,40.14
28.2,58.1,33.5,8.5,Chilli,Seedling,5545,4202,70.01
40.3,85.9,52.6,25.9,Potato,Tuber Initiation,9199,8651,20.98
29.0,70.0,53.1,6.0,Tapioca,Vegetative,10913,7234,23.56
31.0,64.9,35.8,0.0,Potato,Tuber Initiation,8712,5999,33.68
32.9,83.1,42.0,26.2,Potato,Tuber Bulking,12864,8697,25.66
33.5,67.6,39.4,8.8,Tomato,Seedling,11400,11771,31.69
32.8,65.5,38.2,2.0,Bitter Gourd,Fruiting,15107,6627,54.74
34.7,70.8,47.5,6.1,Brinjal,Harvest,28252,21090,40.45
31.6,77.3,48.1,23.1,Cauliflower,Seedling,8400,5694,43.5
33.4,74.5,38.1,14.2,Banana,Vegetative,42562,40438,22.64
32.1,75.8,44.3,7.0,Cauliflower,Curd Development,14168,7082,47.38
30.7,76.4,46.4,28.9,Cauliflower,Seedling,8400,5029,38.28
26.6,79.0,49.0,22.2,Tapioca,Tuber Bulking,17681,8184,25.56
28.0,82.4,62.7,0.3,Potato,Vegetative,6334,3834,52.84
33.4,64.6,37.2,26.0,Bitter Gourd,Flowering,11968,11119,41.76
30.4,78.1,41.4,11.3,Banana,Flowering,44149,22999,62.6
32.3,76.0,58.5,33.5,Tomato,Vegetative,11400,7295,45.47
31.4,77.2,34.8,29.7,Brinjal,Fruiting,38892,17764,52.0
31.0,77.8,38.4,19.8,Pumpkin,Maturity,12838,5740,23.76
35.7,75.8,37.5,26.7,Tomato,Fruiting,26466,26502,38.64
29.9,64.8,42.5,0.2,Banana,Bunch Development,69686,58086,34.5
35.4,89.9,31.9,3.7,Coriander,Flowering,1050,788,123.51
27.8,76.8,58.6,23.5,Tapioca,Tuber Bulking,19683,12594,22.0
30.5,78.7,51.2,0.0,Pumpkin,Vegetative,10567,9733,24.88
29.1,76.9,45.3,10.6,Onion,Vegetative,5400,3137,32.09
34.3,62.8,36.0,0.0,Potato,Vegetative,6530,3992,28.95
29.0,73.2,58.1,26.1,Tapioca,Vegetative,17832,8615,28.87
35.3,72.5,38.4,12.9,Drumstick,Harvest,22507,18208,50.03
30.5,65.4,35.8,21.6,Cauliflower,Curd Development,19256,16781,33.63
34.9,61.9,47.7,31.4,Potato,Tuber Initiation,11754,15397,21.92
34.1,70.3,40.6,9.2,Pumpkin,Fruit Development,15940,10320,27.2
34.3,80.2,39.3,12.4,Tomato,Seedling,11400,10606,30.07
30.1,63.4,53.3,18.8,Cauliflower,Vegetative,9312,7802,35.39
31.1,83.2,45.0,20.9,Tomato,Maturity,26730,18653,31.44
32.2,79.5,26.0,19.0,Drumstick,Vegetative,9886,7599,49.78
31.6,63.6,42.9,21.4,Pumpkin,Flowering,15585,19220,19.4
33.3,85.8,46.8,14.1,Chilli,Fruiting,8467,4514,57.02
34.2,77.3,51.0,36.4,Brinjal,Vegetative,18583,13097,42.2
31.3,66.4,24.1,6.6,Pumpkin,Maturity,19671,14018,28.02
26.8,65.4,33.1,36.0,Tomato,Flowering,23402,10552,38.25
38.8,66.1,37.2,22.4,Tomato,Vegetative,11400,7959,41.84
37.6,85.4,54.9,43.2,Bitter Gourd,Vegetative,7200,4412,55.34
32.5,64.1,39.9,19.5,Chilli,Seedling,3600,2955,69.01
32.3,55.4,26.8,14.5,Tapioca,Maturity,15075,15667,15.33
27.7,76.6,47.9,30.0,Tapioca,Vegetative,13205,6326,25.88
28.2,72.0,60.5,39.6,Chilli,Fruiting,8500,6805,90.59
34.1,70.5,49.4,27.8,Bitter Gourd,Fruiting,10861,8335,50.86
29.5,62.1,46.4,24.7,Brinjal,Seedling,12600,8337,42.14
33.1,95.8,65.0,39.0,Brinjal,Harvest,16480,7402,43.51
35.4,50.3,25.6,1.0,Drumstick,Flowering,8613,6109,37.98
27.2,88.2,65.0,38.9,Bitter Gourd,Vegetative,10210,5018,69.83
28.1,69.6,52.1,11.2,Tomato,Fruiting,20523,11730,49.31
36.2,70.0,38.4,47.5,Onion,Nursery,5400,5567,37.13
30.8,60.1,42.7,20.3,Pumpkin,Fruit Development,21022,17240,22.76
33.4,71.2,47.8,0.0,Brinjal,Harvest,28579,15138,46.17
29.4,84.5,60.8,6.9,Cauliflower,Seedling,9501,7662,51.12
30.2,68.0,39.8,19.4,Bitter Gourd,Harvest,22717,12209,70.45
34.5,93.9,55.7,6.1,Tomato,Maturity,19442,16019,33.88
30.6,61.0,58.0,20.9,Bitter Gourd,Vegetative,8738,10843,46.39
31.1,75.7,50.1,47.8,Brinjal,Vegetative,13259,8799,61.59
32.0,69.9,56.7,28.3,Drumstick,Vegetative,8400,4686,62.88
33.5,52.7,38.7,0.0,Potato,Maturity,11906,8357,21.65
30.0,77.2,37.7,6.3,Pumpkin,Maturity,16964,17755,19.64
28.2,55.7,58.8,2.8,Coriander,Leaf Expansion,1342,1042,152.81
33.0,67.4,45.8,18.9,Onion,Maturity,10880,6365,38.81
28.4,69.6,48.1,30.8,Cauliflower,Curd Initiation,10041,6768,37.45
31.0,57.7,26.6,11.8,Bitter Gourd,Fruiting,17466,20819,30.29
39.7,66.5,33.3,9.4,Pumpkin,Maturity,19008,8369,25.02
32.7,59.0,47.7,28.3,Onion,Maturity,7341,4414,38.24
35.3,90.5,53.9,24.0,Brinjal,Harvest,23732,17162,52.97
32.1,67.5,43.6,0.0,Onion,Bulb Enlargement,5400,3992,42.04
30.7,68.2,46.4,15.9,Brinjal,Harvest,32705,28231,49.0
25.8,73.1,43.0,39.6,Brinjal,Harvest,31059,23650,33.71
28.7,54.3,23.6,1.7,Banana,Maturity,71636,51360,35.02
30.8,76.7,57.3,39.3,Onion,Bulb Enlargement,12297,8101,43.69
29.3,64.4,45.8,2.9,Potato,Maturity,10137,6927,41.82
29.7,75.7,48.6,11.1,Banana,Maturity,69590,86138,23.74
32.4,72.6,51.0,15.1,Cauliflower,Seedling,8400,2843,61.26
37.0,72.8,30.0,0.0,Potato,Tuber Bulking,9335,6149,27.72
31.1,79.9,49.8,0.0,Onion,Bulb Development,5826,4171,33.75
34.4,71.6,36.5,7.9,Brinjal,Fruiting,33697,15096,45.45
35.0,80.8,60.6,17.2,Banana,Vegetative,27000,17386,35.32
32.4,55.3,41.1,15.0,Coriander,Leaf Expansion,1050,650,141.03
32.6,77.3,65.0,37.5,Tomato,Maturity,22556,30445,34.57
31.8,59.1,50.8,0.0,Bitter Gourd,Fruiting,11624,10177,62.08
29.5,71.1,53.6,18.0,Tomato,Seedling,11400,3507,61.45
28.0,68.5,43.6,15.8,Drumstick,Pod Development,22371,15931,45.62
36.2,70.0,27.6,8.4,Potato,Tuber Bulking,10317,4825,45.81
32.0,75.7,40.0,11.9,Potato,Tuber Initiation,6266,5324,27.46
35.7,62.3,54.7,11.9,Onion,Bulb Development,6161,4425,44.51
32.2,67.4,46.6,7.8,Pumpkin,Fruit Development,15343,11819,25.0
28.2,63.4,33.7,18.8,Tapioca,Maturity,23498,17476,24.26
32.9,69.8,33.2,29.7,Drumstick,Harvest,26309,31089,44.17
32.8,69.7,46.8,0.9,Pumpkin,Maturity,24822,12295,30.67
32.8,69.6,41.1,8.7,Drumstick,Vegetative,10454,6838,50.5
31.5,51.9,46.8,0.0,Brinjal,Fruiting,30078,24581,38.55
30.5,73.7,42.4,10.8,Onion,Bulb Development,7955,5344,35.88
32.7,67.5,45.8,20.4,Cauliflower,Curd Development,17785,14378,42.04
33.2,82.2,52.5,33.6,Banana,Flowering,37580,16904,42.17
31.9,73.6,38.9,26.9,Potato,Maturity,10522,8431,27.63
27.0,71.8,57.9,10.2,Pumpkin,Maturity,11511,6897,29.63
32.4,67.2,51.0,41.0,Pumpkin,Flowering,11392,12190,22.51
31.7,61.7,37.6,0.0,Chilli,Harvest,9524,8161,49.16
29.2,54.7,37.0,8.8,Bitter Gourd,Harvest,17906,7390,51.96
35.1,71.6,40.4,28.2,Cauliflower,Seedling,8400,7436,35.56
35.3,78.9,35.7,37.0,Potato,Vegetative,5700,6058,33.8
33.1,80.4,60.0,37.3,Banana,Bunch Development,53019,48258,34.95
31.4,67.6,40.2,0.0,Coriander,Seed Maturity,1845,2079,101.77
30.1,56.4,46.5,24.7,Bitter Gourd,Harvest,13574,7878,51.87
31.3,84.9,45.2,22.2,Tomato,Fruiting,27237,10131,54.88
32.8,70.5,35.0,20.4,Cauliflower,Seedling,8400,4512,45.87
31.7,55.5,24.8,16.9,Pumpkin,Vegetative,13725,4823,37.94
30.4,71.3,35.9,13.5,Tomato,Flowering,18046,8628,48.57
32.6,69.5,52.4,1.5,Potato,Tuber Initiation,6903,3988,31.11
36.4,65.0,45.1,0.0,Coriander,Flowering,1682,1439,117.96
38.1,69.4,38.5,24.3,Banana,Vegetative,28581,14030,31.36
34.2,61.6,39.4,12.5,Chilli,Vegetative,3600,3254,82.6
30.1,68.0,51.1,5.5,Potato,Tuber Bulking,9564,11264,21.58
32.8,74.6,58.4,38.5,Chilli,Flowering,6482,6742,63.14
32.1,74.0,56.8,28.0,Cauliflower,Seedling,8589,5409,40.83
32.1,68.0,34.2,39.6,Potato,Tuber Initiation,8369,3720,33.37
32.2,62.7,40.3,10.4,Tomato,Flowering,17223,11407,50.02
30.9,73.3,57.3,0.0,Bitter Gourd,Flowering,8118,6623,60.43
31.0,60.3,34.2,9.7,Tapioca,Root Initiation,13141,8398,18.15
33.7,66.1,45.5,0.0,Cauliflower,Vegetative,9615,6041,59.73
31.4,70.9,43.7,23.8,Banana,Flowering,64799,50556,32.46
29.4,72.6,51.8,21.9,Drumstick,Harvest,10559,2691,87.45
35.5,59.1,26.4,4.4,Banana,Vegetative,27000,19302,28.01
38.4,73.7,35.0,44.4,Bitter Gourd,Vegetative,9187,12205,38.56
27.8,65.8,45.8,12.3,Onion,Nursery,5400,2637,34.8
28.6,76.0,42.4,0.0,Chilli,Seedling,4773,4137,57.44
29.1,78.1,47.1,14.1,Tomato,Fruiting,23306,13331,42.8
33.2,73.9,50.7,36.7,Brinjal,Fruiting,24984,14196,58.62
32.1,91.6,63.0,15.8,Bitter Gourd,Vegetative,7200,5427,41.07
31.8,77.9,51.6,9.2,Brinjal,Harvest,21372,12536,49.04
36.8,55.2,46.8,0.0,Brinjal,Vegetative,12600,12400,29.03
35.2,58.0,30.7,24.2,Tomato,Vegetative,11400,6901,46.07
28.1,59.1,54.8,0.0,Banana,Bunch Development,51561,18243,46.8
29.2,65.2,45.4,0.0,Pumpkin,Vegetative,11810,5009,33.24
29.1,57.5,41.6,34.4,Tapioca,Maturity,26207,13160,31.8
35.3,75.2,53.7,16.2,Coriander,Vegetative,1050,955,125.58
32.2,88.7,42.4,14.3,Tapioca,Maturity,26938,23264,17.14
35.2,58.8,38.7,26.1,Drumstick,Flowering,16794,11165,58.72
28.7,65.8,55.4,19.7,Bitter Gourd,Vegetative,7694,8333,39.77
32.8,81.2,49.3,48.2,Bitter Gourd,Vegetative,10582,12048,42.18
30.9,60.4,34.7,22.8,Onion,Bulb Development,7053,7680,34.97
35.4,81.1,46.9,8.7,Chilli,Vegetative,3600,3307,62.85
30.5,73.5,57.6,14.7,Tomato,Fruiting,18741,9808,38.69
31.8,65.8,36.5,26.1,Tapioca,Vegetative,24106,12476,29.11
30.7,69.9,37.9,7.8,Chilli,Harvest,7443,4718,81.01
30.5,76.5,60.0,35.8,Tapioca,Root Initiation,14284,11996,26.94
31.7,58.5,42.7,14.3,Coriander,Seed Maturity,2286,2441,94.63
32.8,84.4,53.6,6.9,Onion,Vegetative,5744,3275,31.01
35.7,62.9,30.3,2.4,Drumstick,Pod Development,23084,22841,44.22
33.1,66.4,35.7,2.1,Bitter Gourd,Fruiting,11083,4996,66.14
33.4,50.7,42.3,0.0,Banana,Maturity,64620,40429,38.82
26.4,65.9,46.6,11.2,Cauliflower,Curd Initiation,13338,7887,46.95
30.1,72.5,65.0,49.6,Chilli,Vegetative,3600,2615,74.06
27.4,72.5,65.0,77.2,Tapioca,Maturity,21338,13080,21.27
37.0,81.5,45.7,27.8,Drumstick,Pod Development,11409,8094,63.09
30.9,78.3,52.6,7.3,Tapioca,Root Initiation,18890,19893,24.64
34.7,62.3,34.3,4.3,Coriander,Flowering,1380,781,138.51
33.3,58.8,38.9,5.7,Potato,Tuber Initiation,7484,5302,34.97
34.0,77.8,41.7,9.5,Tomato,Seedling,11601,4026,42.89
32.7,85.7,32.0,10.3,Coriander,Leaf Expansion,1572,1249,84.77
29.8,76.3,58.9,14.3,Onion,Bulb Development,5518,3206,32.75
32.9,55.0,40.4,19.2,Drumstick,Harvest,18285,15290,44.31
29.9,63.8,49.5,0.0,Drumstick,Flowering,8842,8124,42.21
26.0,77.7,49.5,19.4,Banana,Bunch Development,59391,27275,48.36
32.1,59.5,46.9,22.2,Tomato,Maturity,17474,11875,41.12
32.4,79.0,60.1,3.3,Coriander,Leaf Expansion,1050,639,164.58
32.8,80.8,50.6,16.7,Onion,Bulb Enlargement,9472,7444,34.36
33.6,76.3,45.7,6.1,Onion,Nursery,5400,4775,45.27
33.8,52.5,48.2,11.9,Tapioca,Maturity,18939,9247,21.07
26.3,81.5,35.0,1.7,Onion,Nursery,5400,2397,40.63
32.9,58.5,37.9,13.9,Drumstick,Pod Development,22788,14275,58.81
31.3,56.6,30.6,0.0,Pumpkin,Maturity,32639,16160,28.73
32.2,59.1,35.5,1.5,Chilli,Flowering,6486,6567,47.4
30.0,83.7,61.1,23.1,Cauliflower,Seedling,8400,3275,60.97
29.7,85.3,51.7,25.5,Potato,Maturity,7316,2923,40.08
32.7,78.8,44.8,40.1,Onion,Nursery,5400,3390,43.6
36.4,73.4,47.6,24.8,Bitter Gourd,Flowering,9149,4110,53.62
33.5,80.6,50.5,12.2,Pumpkin,Vegetative,9803,6907,29.49
33.4,68.7,35.1,12.1,Brinjal,Seedling,12611,7206,55.48
31.4,79.1,59.8,29.0,Bitter Gourd,Vegetative,7200,5704,45.19
29.4,61.2,37.4,21.7,Brinjal,Fruiting,34011,15046,46.92
30.9,82.2,57.8,39.0,Brinjal,Seedling,12600,8010,47.6
32.7,74.9,38.0,10.3,Chilli,Flowering,6098,5487,63.17
33.7,69.1,33.8,19.4,Banana,Maturity,58457,73707,20.0
33.5,67.8,53.6,1.9,Chilli,Flowering,3600,2201,83.11
32.9,62.4,37.4,12.6,Drumstick,Vegetative,9566,8157,50.92
25.8,69.4,34.4,24.7,Brinjal,Seedling,16984,13810,41.65
31.4,78.4,58.4,54.9,Tomato,Flowering,15289,9094,45.81
26.9,64.3,40.9,17.2,Onion,Vegetative,7251,6771,39.6
31.1,52.7,47.4,0.0,Onion,Bulb Enlargement,10770,6361,44.01
33.6,65.9,48.3,23.9,Brinjal,Harvest,20336,14079,47.94
30.5,70.8,49.2,28.6,Coriander,Flowering,1511,1887,134.3
29.4,70.2,40.8,7.1,Bitter Gourd,Vegetative,8429,6790,56.09
32.3,70.4,50.9,14.7,Banana,Flowering,40552,14548,44.83
30.4,67.0,27.6,0.0,Onion,Bulb Enlargement,18132,11536,54.52
29.3,70.1,41.6,22.1,Onion,Nursery,5400,5367,33.62
36.6,74.5,32.8,20.2,Bitter Gourd,Vegetative,7200,3754,54.65
32.6,75.1,45.5,5.1,Cauliflower,Vegetative,10506,7305,40.49
36.5,77.9,61.2,1.6,Pumpkin,Vegetative,9604,4935,26.54
28.1,72.9,60.3,37.1,Drumstick,Vegetative,8400,10053,46.33
26.2,73.3,49.9,0.0,Chilli,Harvest,4361,2772,75.8
30.8,67.1,55.8,0.0,Tomato,Seedling,11400,5835,51.68
29.9,51.0,28.6,10.2,Pumpkin,Vegetative,17735,9457,26.24
27.6,56.8,40.4,11.8,Tomato,Vegetative,13791,10825,39.46
32.2,62.5,34.7,9.6,Drumstick,Vegetative,12733,10197,50.94
30.4,59.5,59.7,0.0,Potato,Maturity,11124,9011,31.71
31.8,75.1,39.4,13.2,Drumstick,Flowering,12358,3184,69.45
35.5,79.7,39.2,25.2,Cauliflower,Seedling,8400,6699,46.67
32.7,79.5,54.6,16.5,Chilli,Fruiting,5373,4694,56.52
33.3,62.4,37.4,6.6,Tapioca,Vegetative,13619,14335,14.33
29.0,66.9,35.8,0.0,Onion,Nursery,5400,1602,44.42
32.1,73.0,33.8,25.4,Potato,Vegetative,7308,2689,38.12
30.3,74.2,47.2,12.7,Drumstick,Pod Development,20787,18603,36.72
29.9,65.5,47.2,6.5,Potato,Tuber Bulking,8791,4284,27.57
30.8,63.9,25.2,17.8,Banana,Maturity,52231,42833,31.79
33.2,80.1,52.8,15.1,Drumstick,Flowering,8400,4784,70.86
30.3,77.7,39.1,24.1,Tapioca,Tuber Bulking,29355,15386,22.02
30.3,66.4,40.1,0.0,Banana,Flowering,61598,25334,32.43
35.5,77.0,39.7,19.4,Bitter Gourd,Harvest,7200,7649,43.46
33.7,77.4,51.5,30.9,Chilli,Fruiting,5907,4415,57.58
32.7,67.8,33.8,36.2,Tapioca,Root Initiation,18283,27361,14.9
32.6,63.6,32.8,15.1,Drumstick,Harvest,24653,8356,65.86
35.8,63.0,32.2,19.1,Banana,Flowering,35363,17856,42.93
30.0,69.2,38.9,12.0,Drumstick,Pod Development,24280,15353,70.27
33.0,72.3,45.0,26.0,Banana,Vegetative,38822,16102,33.29
30.9,65.9,59.5,9.2,Onion,Vegetative,7158,7523,30.73
33.6,62.8,30.6,13.5,Cauliflower,Vegetative,8400,8972,34.63
32.9,75.8,63.6,22.0,Drumstick,Harvest,19333,11217,48.78
29.4,69.9,44.7,28.3,Tomato,Fruiting,15489,12835,30.1
33.7,80.6,45.2,0.0,Bitter Gourd,Vegetative,7200,3411,52.53
32.8,68.2,49.7,0.0,Tomato,Fruiting,25049,16559,38.51
31.8,55.2,31.4,12.4,Banana,Maturity,58392,65128,26.41
32.5,50.7,37.6,5.0,Potato,Vegetative,7488,5572,33.4
35.3,75.6,30.5,12.6,Banana,Bunch Development,46293,29672,33.67
31.4,64.1,51.3,21.1,Cauliflower,Curd Initiation,9727,6342,47.14
33.0,58.6,52.3,30.8,Pumpkin,Maturity,25041,17504,18.2
32.7,79.3,38.1,23.8,Banana,Maturity,57771,36390,51.37
33.4,71.8,60.7,7.4,Tapioca,Tuber Bulking,26962,21763,18.41
30.5,70.0,62.1,27.5,Coriander,Seed Maturity,1859,1820,99.28
28.3,71.3,47.0,0.0,Banana,Bunch Development,78188,71976,26.34
29.9,56.3,53.0,25.3,Banana,Bunch Development,74640,69559,39.34
34.1,91.9,58.9,37.3,Chilli,Flowering,3621,2707,58.51
28.8,66.5,53.3,16.8,Chilli,Harvest,10137,3420,118.52
29.7,57.1,43.7,19.3,Bitter Gourd,Harvest,15675,8673,75.91
29.0,62.8,53.3,19.6,Brinjal,Seedling,12600,9351,40.21
34.7,64.6,45.7,15.0,Tomato,Maturity,24807,17578,32.47
36.6,81.5,39.7,23.5,Banana,Bunch Development,68432,55842,29.51
36.4,59.9,35.6,20.8,Potato,Maturity,10065,6781,34.97
31.9,71.7,47.8,9.4,Tapioca,Root Initiation,16898,16444,22.76
39.1,77.7,40.9,23.6,Tomato,Flowering,13340,12112,36.38
33.5,77.7,52.7,22.7,Chilli,Vegetative,4374,3842,48.95
34.5,61.5,35.9,37.9,Tomato,Vegetative,11400,8193,30.99
25.9,74.2,42.7,1.0,Brinjal,Vegetative,16046,14897,46.29
30.1,70.4,47.7,0.0,Brinjal,Fruiting,28530,25630,43.16
32.1,77.6,40.1,37.9,Onion,Maturity,12519,4263,36.08
30.0,73.0,56.4,7.7,Onion,Maturity,7139,7821,18.59
29.0,64.1,48.1,21.7,Brinjal,Harvest,29518,10368,50.01
30.8,64.5,35.3,15.7,Tapioca,Vegetative,16732,14072,20.91
30.3,86.6,36.3,20.8,Drumstick,Vegetative,17644,13496,52.12
37.5,69.1,38.7,26.7,Chilli,Fruiting,3600,2961,48.08
29.4,66.1,41.2,29.6,Potato,Tuber Initiation,8446,8851,29.14
34.0,50.9,38.4,33.1,Drumstick,Pod Development,19646,20285,45.21
28.4,81.8,49.2,12.3,Pumpkin,Maturity,20216,12670,21.63
33.6,76.7,61.2,15.5,Tomato,Maturity,19283,14741,31.89
29.0,68.3,52.2,27.6,Bitter Gourd,Vegetative,8985,6539,44.57
36.7,72.5,48.1,23.4,Tapioca,Root Initiation,10800,8300,21.73
27.0,75.9,52.3,0.2,Drumstick,Vegetative,8400,3304,61.84
33.9,48.2,30.1,0.0,Bitter Gourd,Fruiting,10389,12920,36.61
30.3,62.4,53.2,38.4,Cauliflower,Curd Initiation,15054,9026,43.12
34.5,86.9,48.2,18.9,Tapioca,Vegetative,10800,6528,23.46
30.0,79.2,49.0,17.0,Bitter Gourd,Vegetative,7471,7282,35.5
31.7,66.6,50.4,0.0,Pumpkin,Maturity,20027,11655,32.8
33.6,56.1,41.0,17.4,Tomato,Vegetative,11400,8617,37.01
34.9,58.2,60.7,34.5,Coriander,Vegetative,1245,984,124.24
34.3,68.6,32.4,26.6,Chilli,Seedling,3653,2918,54.88
31.9,64.0,39.6,29.8,Brinjal,Flowering,12600,10517,37.99
34.9,67.2,37.4,19.2,Banana,Flowering,58236,49792,28.48
37.4,67.3,45.2,0.0,Chilli,Fruiting,6061,3736,51.79
24.4,68.5,34.1,10.2,Banana,Flowering,62824,47398,36.86
31.6,70.7,34.0,0.0,Drumstick,Pod Development,27405,23983,47.93
33.2,64.8,47.3,17.7,Chilli,Fruiting,7337,4856,73.44
30.6,79.8,65.0,66.1,Potato,Tuber Bulking,14156,6918,40.01
35.5,85.5,42.7,18.9,Onion,Maturity,12893,4998,41.59
30.5,80.8,42.4,22.8,Pumpkin,Fruit Development,23786,10160,25.07
37.0,68.0,31.9,42.8,Banana,Maturity,61072,40967,39.38
32.1,76.2,41.4,0.0,Drumstick,Flowering,12626,7802,82.62
34.8,82.6,51.8,0.0,Cauliflower,Vegetative,10079,5379,44.55
31.1,59.0,37.8,24.7,Coriander,Flowering,1050,1220,118.91
29.2,60.7,47.8,13.9,Drumstick,Pod Development,15867,11770,48.56
34.3,76.2,50.1,2.1,Brinjal,Flowering,17611,12201,37.1
32.8,79.5,39.1,31.3,Drumstick,Pod Development,19884,9564,62.51
34.2,69.4,52.7,0.0,Tapioca,Vegetative,12557,10735,20.55
28.9,68.0,55.0,0.0,Cauliflower,Vegetative,8400,8545,35.4
31.5,68.3,39.4,31.6,Drumstick,Flowering,14823,12755,54.16
29.3,71.2,52.9,36.4,Onion,Bulb Enlargement,12821,6830,42.72
31.4,67.0,57.6,1.2,Drumstick,Flowering,13909,9844,65.04
33.9,77.4,40.6,12.5,Cauliflower,Harvest,15225,5857,35.92
35.5,67.6,51.3,1.5,Cauliflower,Curd Development,13356,5247,52.58
33.5,62.8,51.4,25.2,Bitter Gourd,Flowering,9183,4783,46.68
30.3,73.8,36.1,34.0,Onion,Bulb Enlargement,8899,8310,40.27
32.6,71.4,42.7,28.1,Brinjal,Fruiting,15238,13941,45.53
29.5,53.4,48.5,5.0,Brinjal,Seedling,13850,8414,53.05
31.4,69.6,56.3,0.0,Bitter Gourd,Vegetative,7751,7095,49.81
32.7,73.6,37.0,35.0,Drumstick,Vegetative,12704,7315,59.55
31.5,62.7,52.4,18.5,Potato,Tuber Bulking,11418,8063,32.52
37.6,68.7,44.3,42.6,Chilli,Vegetative,4625,4022,51.32
31.5,46.6,41.3,9.7,Onion,Bulb Development,8299,6374,44.47
35.4,82.4,47.3,2.4,Onion,Maturity,12296,5892,34.04
33.2,76.0,51.6,19.8,Coriander,Vegetative,1060,803,99.43
33.7,62.0,47.4,30.2,Brinjal,Vegetative,16209,9624,62.35
31.6,64.4,37.2,16.0,Brinjal,Fruiting,25702,17235,56.75
33.9,81.1,43.8,39.3,Tomato,Fruiting,17786,10688,54.18
27.9,75.8,51.7,12.0,Onion,Maturity,9578,5810,32.47
29.7,70.9,46.2,29.7,Pumpkin,Maturity,21554,12081,33.74
31.7,67.4,59.7,16.9,Potato,Tuber Bulking,12034,5167,49.18
32.4,84.0,56.3,37.0,Tapioca,Maturity,18449,12219,26.47
35.2,83.0,48.0,18.2,Coriander,Leaf Expansion,1662,688,134.95
29.0,69.4,33.3,0.0,Tomato,Flowering,26237,21848,37.63
34.5,40.0,25.6,12.1,Tapioca,Vegetative,10800,9310,26.21
29.6,79.7,53.4,0.0,Brinjal,Harvest,32045,14496,59.77
28.4,83.5,46.0,7.3,Tapioca,Maturity,29426,25962,20.18
30.4,63.6,32.3,15.0,Coriander,Leaf Expansion,1580,1392,115.86
30.1,81.7,55.1,29.6,Drumstick,Flowering,12279,6792,52.21
35.0,78.0,53.3,9.3,Cauliflower,Curd Initiation,10317,8176,36.36
34.6,68.3,57.8,4.1,Coriander,Vegetative,1260,450,159.84
33.1,67.0,43.6,0.0,Cauliflower,Seedling,8400,6026,49.81
31.4,84.5,38.8,0.0,Tomato,Seedling,11400,6757,40.25
33.4,73.1,49.6,16.1,Pumpkin,Flowering,17397,12424,22.74
30.2,55.1,32.8,20.3,Tomato,Maturity,32162,18491,51.08
32.9,83.6,35.2,37.4,Tapioca,Vegetative,19450,14098,21.39
31.9,77.0,53.0,12.3,Banana,Vegetative,27000,18849,31.46
37.2,80.6,51.0,30.0,Bitter Gourd,Fruiting,13135,11747,48.3
34.9,83.5,57.0,44.7,Drumstick,Vegetative,8400,4581,66.67
30.7,69.3,58.4,21.3,Onion,Nursery,5400,5317,42.65
33.3,76.1,55.5,27.7,Onion,Nursery,5400,3250,30.58
31.1,78.6,50.6,5.1,Brinjal,Fruiting,28566,10497,61.81
34.8,72.0,50.6,9.3,Bitter Gourd,Flowering,12649,12869,36.32
34.0,83.6,43.7,30.8,Coriander,Vegetative,1050,538,164.0
35.1,74.1,36.6,10.7,Bitter Gourd,Fruiting,13685,12961,44.22
35.0,64.4,45.7,34.6,Brinjal,Harvest,20462,24756,26.62
33.3,78.1,45.9,7.5,Tapioca,Vegetative,16543,10665,24.76
33.7,80.5,51.8,25.3,Onion,Nursery,5400,4651,31.52
37.1,62.3,52.2,30.0,Cauliflower,Vegetative,9580,6637,49.76
29.4,51.3,58.6,3.8,Chilli,Seedling,3600,1811,92.84
33.9,76.6,42.7,32.0,Coriander,Flowering,1311,1084,104.15
33.9,96.4,56.2,29.9,Bitter Gourd,Flowering,14684,7863,54.78
29.0,65.1,54.7,5.0,Banana,Bunch Development,64933,50353,34.6
31.7,68.9,47.7,25.5,Cauliflower,Curd Development,15777,16332,39.33
29.8,69.5,44.8,0.0,Drumstick,Flowering,17169,7644,84.78
25.8,82.7,52.1,11.8,Coriander,Seed Maturity,2473,1171,158.22
31.6,87.1,53.4,18.9,Onion,Vegetative,5400,6131,29.76
26.3,67.6,48.7,4.7,Tomato,Maturity,24632,13597,40.9
28.1,67.8,42.9,26.3,Banana,Bunch Development,45848,19946,49.52
28.5,74.3,47.4,45.7,Chilli,Fruiting,7844,3528,64.94
34.5,70.9,49.9,39.8,Coriander,Seed Maturity,2073,892,163.07
35.0,65.2,50.8,39.4,Tomato,Flowering,16230,13056,33.63
34.1,66.7,27.2,13.6,Chilli,Fruiting,6773,3595,77.51
29.4,66.3,35.8,11.0,Chilli,Harvest,10124,2947,90.09
35.8,74.2,29.6,19.4,Onion,Bulb Development,5400,5550,33.31
35.3,69.8,36.2,12.9,Pumpkin,Flowering,16380,14886,17.5
31.6,69.5,52.8,19.5,Potato,Tuber Initiation,6283,3091,33.44
33.5,81.2,65.0,38.1,Chilli,Harvest,5939,5439,79.22
29.6,71.2,45.3,6.9,Bitter Gourd,Vegetative,9161,5225,60.5
35.4,86.3,65.0,13.8,Cauliflower,Curd Development,16554,8124,46.03
34.7,63.6,33.7,26.6,Onion,Vegetative,5400,2910,54.47
35.6,63.2,26.9,7.6,Tapioca,Maturity,22398,16930,22.13
34.3,71.3,55.5,13.8,Banana,Flowering,39507,59106,22.26
34.7,75.6,52.4,18.4,Tapioca,Vegetative,10800,9943,16.11
30.9,62.8,50.4,9.3,Tomato,Seedling,12892,7024,42.33
34.0,55.1,51.9,2.4,Tomato,Flowering,13495,9357,44.95
35.5,62.8,35.5,5.5,Pumpkin,Vegetative,15409,7981,26.45
35.8,67.6,47.6,0.0,Drumstick,Harvest,11626,4724,65.4
36.3,83.8,44.6,0.0,Coriander,Seed Maturity,1608,566,115.97
31.3,72.2,47.6,8.2,Coriander,Leaf Expansion,1572,1061,142.96
28.3,57.3,42.8,12.8,Potato,Tuber Initiation,8381,4889,34.3
33.5,78.1,46.6,0.0,Brinjal,Flowering,16778,16544,43.9
32.7,66.3,58.2,7.6,Coriander,Flowering,1501,547,172.24
31.5,90.4,61.0,64.9,Banana,Vegetative,46462,28037,38.84
32.7,69.8,51.6,15.4,Bitter Gourd,Harvest,16701,23307,30.16
29.9,65.0,41.5,0.0,Tomato,Vegetative,11400,5548,43.14
34.7,72.4,34.0,0.0,Tomato,Vegetative,16064,4882,44.43
34.2,62.2,39.3,20.0,Tomato,Vegetative,17039,21374,23.93
32.3,66.7,55.0,6.4,Coriander,Flowering,1083,1080,113.48
33.8,53.0,31.2,21.8,Potato,Tuber Initiation,7363,3112,41.46
31.9,59.5,48.1,0.0,Banana,Flowering,48497,50398,30.86
30.4,68.6,51.6,6.2,Potato,Tuber Bulking,6510,5159,26.17
32.5,82.5,58.8,38.1,Coriander,Seed Maturity,1977,790,139.25
29.2,65.7,46.8,8.9,Bitter Gourd,Harvest,18391,9458,55.87
35.8,61.0,34.5,6.4,Onion,Vegetative,5400,3271,28.73
33.4,84.3,41.9,13.2,Drumstick,Harvest,20081,15752,51.94
33.5,87.0,45.2,8.8,Coriander,Seed Maturity,2095,1173,189.02
28.9,69.1,50.0,25.3,Banana,Flowering,43011,25008,30.19
29.6,63.5,41.1,0.0,Pumpkin,Flowering,22410,18275,28.85
31.2,77.1,32.1,0.0,Tomato,Maturity,26938,15222,36.44
28.4,75.2,51.9,0.0,Tapioca,Root Initiation,13716,12643,16.05
30.1,78.6,57.3,14.3,Banana,Bunch Development,61364,50999,34.69
35.3,56.8,51.4,23.9,Pumpkin,Flowering,12375,5844,22.95
25.4,66.4,34.2,12.6,Drumstick,Harvest,22727,14011,61.29
28.1,77.7,51.1,2.4,Chilli,Vegetative,4016,2045,87.71
36.5,69.5,42.1,14.0,Cauliflower,Vegetative,8400,3472,51.29
30.7,56.5,41.9,0.0,Chilli,Harvest,3885,3093,68.19
35.2,89.4,45.3,20.2,Cauliflower,Curd Development,15637,12919,41.16
29.0,73.9,32.5,30.5,Coriander,Flowering,1717,1028,128.99
33.8,91.9,61.4,27.9,Bitter Gourd,Harvest,16211,7032,76.25
34.3,73.5,44.6,19.5,Cauliflower,Seedling,8400,6447,41.93
33.3,71.2,51.8,15.1,Potato,Tuber Initiation,6415,3381,26.6
33.8,83.2,49.2,44.0,Tomato,Vegetative,11579,7534,39.35
25.3,54.4,32.0,16.0,Tapioca,Vegetative,10800,6012,22.79
31.7,57.0,45.1,33.5,Tapioca,Maturity,28044,13394,27.39
33.7,65.8,29.9,12.6,Potato,Vegetative,5700,4362,35.86
32.1,78.1,65.0,2.6,Chilli,Vegetative,3600,1783,54.12
35.3,50.3,19.1,0.0,Banana,Maturity,55774,21315,41.83
32.4,71.2,56.3,32.5,Tapioca,Vegetative,10800,7300,17.15
30.9,86.5,34.5,40.6,Coriander,Flowering,1236,562,146.63
26.2,75.7,63.6,4.4,Cauliflower,Curd Initiation,9443,2657,59.84
34.5,71.4,43.6,12.5,Drumstick,Pod Development,15590,13757,41.06
32.5,82.5,54.8,16.0,Drumstick,Harvest,18014,14559,51.35
29.5,93.4,58.1,4.0,Tomato,Maturity,25229,20425,38.81
29.9,70.6,40.1,0.0,Potato,Tuber Bulking,8995,9936,26.21
29.0,79.8,48.5,36.0,Coriander,Flowering,1754,1596,171.42
31.6,77.1,44.4,33.6,Onion,Vegetative,5400,5219,35.36
32.6,79.9,54.3,12.4,Cauliflower,Curd Initiation,8400,3516,54.59
39.5,68.5,42.7,16.0,Coriander,Leaf Expansion,1050,708,125.69
36.4,50.3,43.9,16.7,Bitter Gourd,Vegetative,7786,3544,61.17
33.5,66.2,41.0,9.0,Chilli,Vegetative,3704,2191,55.18
34.3,74.2,35.5,16.3,Tomato,Fruiting,28359,28998,34.49
33.9,66.6,35.7,11.9,Tomato,Vegetative,15126,8211,48.18
33.6,66.9,55.4,19.9,Potato,Tuber Bulking,9477,12000,19.35
34.0,69.6,44.7,12.9,Bitter Gourd,Fruiting,10633,8288,42.92
30.9,96.8,46.4,29.0,Drumstick,Harvest,17985,19937,46.2
35.3,63.5,44.2,3.1,Onion,Bulb Development,7840,6559,42.63
36.1,71.7,54.2,20.8,Potato,Tuber Initiation,6384,3785,37.31
29.8,60.4,62.7,5.0,Tomato,Maturity,16198,17048,31.64
28.8,74.3,40.6,8.0,Coriander,Flowering,1829,1129,139.5
34.6,81.6,52.1,21.0,Chilli,Seedling,3600,2551,51.4
34.9,68.6,36.9,12.4,Onion,Maturity,12746,9191,36.96
33.5,71.1,37.8,16.8,Onion,Nursery,5400,3061,41.13
36.8,89.5,50.6,8.2,Bitter Gourd,Harvest,10948,11604,41.26
28.3,71.9,58.9,21.4,Potato,Vegetative,6751,6637,33.75
28.3,86.4,60.8,0.0,Potato,Tuber Bulking,8632,7057,24.1
31.7,61.7,43.9,1.0,Potato,Tuber Initiation,5700,5156,26.39
31.8,67.7,36.8,0.0,Tapioca,Maturity,28824,17472,26.87
27.5,85.5,63.2,49.0,Tomato,Flowering,22605,9194,61.86
30.7,77.9,63.5,30.0,Potato,Tuber Initiation,8091,3665,46.44
31.8,90.3,65.0,45.1,Tomato,Maturity,22678,11230,41.75
26.6,77.8,40.5,20.8,Cauliflower,Vegetative,10959,3200,56.16
32.1,66.3,52.1,29.7,Bitter Gourd,Harvest,13606,10676,46.95
36.4,73.5,47.1,16.7,Potato,Vegetative,5700,4533,31.04
31.6,68.8,46.9,0.0,Pumpkin,Vegetative,9600,7220,22.93
35.5,80.8,47.2,6.4,Banana,Bunch Development,44581,35040,32.12
25.9,83.2,65.0,40.0,Cauliflower,Seedling,8400,4498,41.78
28.7,62.8,34.2,26.4,Drumstick,Harvest,33000,14550,65.55
29.3,72.4,37.4,5.5,Bitter Gourd,Fruiting,14564,13310,44.74
33.2,72.0,42.1,2.1,Cauliflower,Curd Development,12404,4537,36.11
32.4,52.9,43.8,3.2,Drumstick,Harvest,23502,15792,55.05
35.0,77.4,51.1,0.0,Drumstick,Harvest,19163,12573,46.11
29.2,58.6,47.1,22.2,Chilli,Vegetative,4548,3027,62.93
28.1,71.9,40.8,7.8,Onion,Nursery,5400,4182,36.1
27.0,73.7,39.8,9.1,Drumstick,Vegetative,13606,9564,63.47
34.3,68.1,42.5,16.6,Tomato,Flowering,19940,10268,40.35
28.4,84.7,50.4,3.8,Cauliflower,Curd Initiation,8400,8018,32.84
33.8,65.2,62.4,2.1,Cauliflower,Curd Development,14200,6786,48.02
35.0,69.9,28.0,0.0,Potato,Maturity,9386,6584,29.37
30.8,52.1,44.8,0.0,Coriander,Flowering,1313,854,142.41
26.8,77.1,49.0,29.9,Tomato,Flowering,17569,13714,54.67
32.8,79.8,58.6,0.0,Potato,Tuber Bulking,9855,6394,30.5
33.9,77.1,50.1,20.0,Pumpkin,Fruit Development,21182,15027,20.84
35.7,91.8,54.1,23.1,Coriander,Flowering,1141,487,162.78
33.5,79.3,45.6,17.2,Chilli,Seedling,3600,2058,81.7
30.0,63.3,60.1,12.1,Banana,Vegetative,40719,11354,43.03
30.6,79.4,55.1,29.0,Tapioca,Maturity,17981,10127,17.27
25.8,83.4,63.1,22.3,Banana,Vegetative,35688,21892,46.13
30.8,73.2,50.0,19.8,Tapioca,Tuber Bulking,25783,8186,24.54
34.2,77.6,46.8,14.2,Tapioca,Vegetative,13831,9849,22.79
30.5,64.3,31.8,5.8,Banana,Flowering,55295,34489,41.88
33.3,69.1,39.6,10.3,Brinjal,Seedling,12638,11519,37.12
31.3,67.4,54.3,13.8,Banana,Maturity,63268,36743,33.48
28.9,70.2,45.9,0.0,Bitter Gourd,Harvest,18582,27839,33.45
28.9,57.4,34.7,16.3,Coriander,Flowering,1239,959,131.05
33.9,82.6,42.6,23.0,Chilli,Harvest,6020,5038,64.72
35.3,86.6,52.0,18.4,Tapioca,Maturity,16478,19689,10.25
31.4,55.2,36.3,3.5,Onion,Vegetative,8049,9247,26.74
36.4,76.6,47.4,25.4,Coriander,Leaf Expansion,1568,767,166.66
35.4,91.1,46.8,1.0,Pumpkin,Fruit Development,18790,13501,32.47
31.0,87.4,61.3,41.1,Banana,Flowering,42953,20992,38.33
31.6,72.0,36.7,26.3,Drumstick,Flowering,16802,13801,44.66
38.1,63.8,43.5,18.1,Tapioca,Tuber Bulking,16282,8940,27.91
28.0,69.5,55.4,9.2,Banana,Vegetative,33194,28882,29.24
33.7,69.3,52.4,30.6,Chilli,Seedling,3600,3567,68.24
34.8,78.5,44.0,7.3,Tomato,Fruiting,20886,13616,29.6
32.5,70.2,50.2,8.2,Tomato,Maturity,17533,9278,41.93
33.9,54.9,38.4,3.4,Onion,Vegetative,7358,3551,36.44
32.1,56.8,28.2,11.2,Tomato,Maturity,26767,22246,39.22
31.1,59.2,53.0,0.0,Potato,Tuber Initiation,5700,5324,23.23
30.7,67.9,45.9,18.0,Pumpkin,Maturity,30845,12906,24.08
31.4,58.3,48.9,0.0,Drumstick,Vegetative,11573,5457,57.46
34.0,60.8,35.0,11.9,Potato,Tuber Bulking,8822,5067,28.49
31.8,60.0,41.4,18.7,Tapioca,Root Initiation,16012,9910,20.5
30.9,68.0,44.2,17.9,Onion,Maturity,10508,12701,23.12
24.3,79.9,65.0,0.0,Cauliflower,Curd Development,15329,7613,42.08
32.3,85.6,52.7,40.9,Brinjal,Vegetative,13614,11019,32.45
30.2,66.8,28.9,0.0,Chilli,Vegetative,5070,4734,59.0
31.5,64.1,46.6,23.2,Coriander,Flowering,1954,973,190.15
34.1,71.3,60.3,0.0,Coriander,Seed Maturity,1160,422,123.18
31.9,70.6,44.4,0.0,Chilli,Fruiting,6267,4573,83.18
31.6,54.8,38.7,28.1,Cauliflower,Vegetative,10363,7506,42.13
30.7,78.1,50.9,26.2,Onion,Nursery,5400,2788,47.64
31.6,54.9,31.4,0.0,Tomato,Fruiting,22786,16177,33.93
32.3,63.8,44.7,23.2,Banana,Bunch Development,74789,32009,46.28
27.4,68.9,54.3,29.8,Tomato,Flowering,24752,18808,49.67
31.5,52.5,36.6,0.0,Chilli,Seedling,3600,3093,74.59
31.8,74.3,37.0,0.0,Brinjal,Vegetative,16970,11664,45.51
29.2,53.7,42.7,14.1,Cauliflower,Vegetative,12397,10232,48.28
30.0,71.6,48.9,1.6,Bitter Gourd,Vegetative,10652,13165,32.61
29.6,53.1,40.2,3.8,Cauliflower,Seedling,8400,4814,57.81
28.1,72.3,56.8,28.3,Banana,Maturity,41284,39020,35.59
27.4,52.8,51.7,0.0,Cauliflower,Harvest,15323,19101,28.77
32.3,73.7,38.6,4.2,Drumstick,Harvest,18815,9111,60.59
28.0,74.4,48.4,3.1,Coriander,Flowering,1412,1176,102.93
32.2,85.7,58.0,30.9,Coriander,Flowering,1454,1020,122.88
28.3,69.1,51.4,13.9,Coriander,Seed Maturity,2771,1568,121.8
34.1,70.9,40.2,16.5,Drumstick,Vegetative,9793,5389,66.58
31.4,75.0,45.9,20.3,Cauliflower,Seedling,8400,3667,40.26
34.5,64.8,28.1,15.7,Tapioca,Maturity,29169,20747,19.86
30.7,69.0,40.5,25.6,Coriander,Flowering,1537,1093,118.15
32.7,66.5,65.0,29.5,Chilli,Fruiting,9743,4382,83.91
31.6,82.2,45.3,21.1,Bitter Gourd,Fruiting,18444,11899,44.88
26.6,66.9,42.7,3.1,Cauliflower,Curd Initiation,15877,7224,59.65
28.9,67.7,48.3,17.8,Brinjal,Seedling,12600,14581,44.78
32.5,68.3,43.1,25.2,Brinjal,Fruiting,31368,18490,42.27
31.9,63.3,34.5,28.6,Brinjal,Seedling,14133,4528,63.47
27.7,76.6,42.9,22.4,Drumstick,Harvest,24211,11443,83.41
33.4,71.9,57.8,31.8,Tapioca,Root Initiation,14981,11296,22.65
33.0,70.3,46.7,5.2,Cauliflower,Harvest,12663,4573,38.35
31.6,56.5,39.4,19.6,Potato,Maturity,10417,10314,22.6
30.2,79.9,59.0,17.7,Onion,Nursery,5400,4249,39.73
32.1,68.9,48.5,25.3,Banana,Vegetative,35700,25064,30.79
28.7,77.0,54.3,20.3,Bitter Gourd,Harvest,22636,15118,62.36
34.3,72.5,49.6,7.1,Tapioca,Maturity,22664,17720,16.89
28.4,80.6,54.3,37.7,Cauliflower,Seedling,8400,5281,46.5
28.4,81.3,52.4,5.1,Pumpkin,Fruit Development,13406,10386,21.77
37.2,76.2,56.9,44.0,Tomato,Fruiting,20602,25337,26.0
29.8,56.6,44.0,0.0,Drumstick,Pod Development,24660,14977,49.93
29.5,61.2,64.8,7.2,Onion,Vegetative,5400,3490,47.69
32.1,82.7,46.0,21.2,Pumpkin,Fruit Development,20858,17594,27.12
26.8,62.2,64.7,37.1,Coriander,Flowering,1056,553,161.65
36.3,89.0,46.9,35.3,Chilli,Harvest,8741,3592,57.05
28.2,59.2,53.9,29.7,Tomato,Seedling,11559,8941,38.67
31.3,82.6,60.9,0.0,Onion,Maturity,11132,5242,38.86
35.4,63.8,50.8,15.7,Tomato,Seedling,11400,6906,46.63
36.2,77.6,60.6,30.4,Brinjal,Flowering,15484,11031,31.05
29.4,63.5,44.1,20.1,Potato,Maturity,10278,7650,28.58
26.2,68.3,37.4,10.8,Potato,Vegetative,6182,4266,41.32
32.8,69.9,21.6,27.4,Pumpkin,Vegetative,13585,10187,26.89
34.1,76.2,33.5,26.2,Bitter Gourd,Vegetative,10557,8148,37.95
32.1,41.3,35.6,0.7,Pumpkin,Maturity,17211,14081,26.55
34.2,64.2,49.7,0.0,Drumstick,Vegetative,8400,8754,47.93
33.5,79.4,54.8,7.5,Potato,Vegetative,5700,3962,32.33
35.2,75.8,44.8,17.0,Potato,Tuber Bulking,13047,4459,39.26
38.2,55.2,49.7,16.2,Tapioca,Maturity,22427,22635,14.79
35.4,64.0,38.4,10.3,Tomato,Maturity,23712,28595,31.0
33.4,76.1,40.3,23.7,Banana,Bunch Development,44867,19607,28.29
29.5,57.2,37.8,12.4,Coriander,Vegetative,1050,732,142.72
34.6,91.7,44.5,15.8,Chilli,Flowering,6690,4007,67.45
31.9,44.0,30.2,0.0,Onion,Nursery,5400,2405,45.75
33.1,82.6,48.3,12.2,Chilli,Fruiting,5414,3642,63.69
35.7,74.8,47.2,9.6,Tapioca,Root Initiation,12328,13168,16.61
36.5,73.8,43.0,0.0,Brinjal,Flowering,18677,13837,46.89
29.8,72.0,43.6,44.4,Pumpkin,Maturity,30277,20113,26.59
27.4,65.6,29.8,5.9,Brinjal,Fruiting,30843,17297,40.27
32.8,51.8,28.2,0.0,Pumpkin,Maturity,27931,25172,20.26
30.8,73.9,56.8,16.8,Onion,Maturity,10182,8401,30.07
29.7,70.9,51.5,0.0,Cauliflower,Harvest,11645,5641,52.07
31.9,83.6,50.9,16.2,Brinjal,Harvest,22012,19513,47.77
32.2,68.2,50.4,3.5,Cauliflower,Harvest,16427,13244,41.48
33.1,62.1,52.5,18.6,Cauliflower,Harvest,15518,5996,47.53
33.0,55.7,32.0,6.4,Banana,Maturity,46765,48553,25.47
31.5,84.5,54.9,6.6,Coriander,Seed Maturity,2338,1868,154.99
27.8,67.3,44.8,13.0,Drumstick,Flowering,15068,11725,60.36
34.9,68.8,49.8,0.0,Banana,Vegetative,27448,17001,45.37
29.0,87.2,55.1,0.0,Banana,Flowering,45301,26147,41.68
36.0,68.2,47.3,2.2,Tapioca,Vegetative,11580,6668,24.85
27.0,51.3,49.5,0.0,Chilli,Harvest,4437,1835,66.29
24.9,56.8,38.6,0.0,Pumpkin,Fruit Development,18649,14820,25.68
27.5,64.9,44.8,0.0,Coriander,Leaf Expansion,1057,263,165.61
35.9,60.6,27.7,0.0,Chilli,Seedling,3600,3126,48.35
33.1,78.9,48.7,18.1,Bitter Gourd,Flowering,8686,7709,41.44
31.3,78.1,51.4,2.6,Bitter Gourd,Flowering,12696,7338,58.63
34.9,88.0,52.1,18.9,Brinjal,Flowering,23206,19044,32.59
30.0,46.2,35.6,11.1,Banana,Maturity,78344,70377,34.69
29.4,79.9,65.0,23.4,Chilli,Seedling,3600,2006,73.0
36.2,65.5,33.7,22.9,Cauliflower,Seedling,8400,5932,39.29
35.0,66.7,39.7,4.7,Pumpkin,Vegetative,12349,11249,20.82
35.4,81.6,59.9,18.8,Banana,Bunch Development,47884,26236,35.94
37.3,72.7,46.8,29.6,Pumpkin,Vegetative,11916,7963,24.36
30.9,64.3,44.4,0.0,Potato,Maturity,8576,4691,33.36
31.2,63.4,46.4,0.0,Bitter Gourd,Vegetative,12590,8307,41.13
27.8,67.2,26.9,26.1,Coriander,Vegetative,1647,2046,161.79
27.6,65.4,49.6,18.5,Tomato,Flowering,12651,5901,38.03
31.4,85.4,53.6,20.1,Onion,Maturity,10813,6782,37.82
31.4,61.6,40.8,30.1,Banana,Vegetative,31657,29698,29.78
36.4,72.6,54.1,42.5,Bitter Gourd,Fruiting,13399,18259,35.87
29.8,62.7,49.7,14.6,Drumstick,Harvest,24209,10915,54.88
28.0,77.3,57.9,12.3,Potato,Tuber Bulking,9880,7713,43.4
35.5,96.3,61.9,46.4,Cauliflower,Curd Development,15135,7507,38.97
34.8,77.4,35.9,0.5,Brinjal,Fruiting,25422,10233,66.53
31.2,58.5,51.6,0.0,Tomato,Seedling,11400,6044,35.39
31.4,71.3,52.9,3.0,Tapioca,Maturity,25383,20003,16.01
29.5,68.2,59.6,35.9,Tomato,Seedling,15577,11243,31.95
32.4,79.1,48.2,16.9,Cauliflower,Curd Initiation,11051,15524,27.14
35.2,59.3,49.2,16.8,Pumpkin,Flowering,10559,12637,17.63
33.1,69.0,42.5,3.7,Bitter Gourd,Vegetative,9891,7295,43.41
33.4,97.0,65.0,23.0,Coriander,Seed Maturity,2401,1928,126.62
28.8,68.4,43.6,33.5,Tomato,Maturity,20879,12869,42.05
31.7,78.3,55.4,0.0,Onion,Nursery,5400,5010,39.87
32.9,68.3,52.5,12.9,Banana,Flowering,51500,22138,49.22
30.1,76.8,60.7,0.0,Bitter Gourd,Vegetative,10022,8081,62.66
29.1,71.0,45.3,2.4,Drumstick,Pod Development,18472,16609,67.89
31.3,76.8,54.3,29.9,Banana,Vegetative,27000,20803,32.35
33.0,72.0,64.0,16.9,Potato,Maturity,10084,9638,30.74
28.6,71.4,50.9,28.2,Coriander,Seed Maturity,2701,3087,91.53
36.6,80.1,42.3,0.0,Coriander,Seed Maturity,2376,1657,122.53
32.8,72.2,34.2,0.0,Chilli,Fruiting,6508,7609,54.2
31.4,74.4,58.7,13.7,Onion,Maturity,11478,8957,38.51
37.6,81.7,46.6,2.8,Pumpkin,Fruit Development,21871,10200,26.09
31.2,84.7,56.3,0.0,Brinjal,Harvest,23736,8618,63.5
28.2,84.0,52.3,43.2,Chilli,Fruiting,7872,3760,99.13
35.6,70.1,37.8,42.4,Brinjal,Flowering,12600,11048,40.42
30.0,74.0,45.6,34.3,Coriander,Leaf Expansion,1478,670,110.72
34.0,65.1,52.3,0.0,Pumpkin,Maturity,22412,28715,14.5
30.6,59.5,39.4,23.5,Onion,Bulb Enlargement,9363,6439,30.17
35.5,64.3,30.7,15.4,Chilli,Harvest,6356,3958,69.91
35.6,73.1,48.6,24.3,Tapioca,Maturity,17679,10652,21.94
33.4,70.6,38.2,44.5,Chilli,Vegetative,4852,4836,51.42
29.7,68.7,45.7,0.0,Brinjal,Harvest,38639,21775,49.4
34.2,75.2,52.6,21.1,Bitter Gourd,Harvest,19058,18232,58.77
31.5,72.7,41.6,22.0,Brinjal,Seedling,12600,11429,39.39
25.4,68.2,38.3,0.0,Tapioca,Root Initiation,20731,12777,22.48
35.6,86.3,61.4,25.3,Pumpkin,Fruit Development,15177,12117,18.62
31.4,70.6,39.9,22.7,Onion,Nursery,5400,4977,41.66
37.4,78.2,45.3,26.2,Tapioca,Root Initiation,10800,5494,25.27
33.8,90.2,47.5,17.0,Pumpkin,Vegetative,10482,4672,21.02
30.0,84.9,53.0,1.1,Cauliflower,Vegetative,9214,7793,44.78
32.9,50.5,39.1,36.6,Potato,Tuber Bulking,10895,11404,22.32
29.6,80.0,59.9,27.5,Brinjal,Flowering,16291,9532,47.53
31.7,69.9,64.4,21.2,Coriander,Leaf Expansion,1132,857,140.14
32.7,79.9,41.2,11.4,Potato,Vegetative,5700,4320,28.07
35.1,74.7,40.2,19.2,Banana,Vegetative,33625,13421,42.32
30.5,74.0,61.7,11.4,Chilli,Fruiting,4292,3642,67.27
32.2,75.1,32.2,11.1,Drumstick,Vegetative,15626,10094,46.61
30.0,80.5,45.9,14.5,Drumstick,Harvest,11301,10675,50.19
31.0,73.0,56.8,1.8,Coriander,Flowering,1284,602,194.71
36.5,68.6,35.2,0.0,Pumpkin,Vegetative,9619,10019,20.89
33.3,69.3,43.7,14.2,Chilli,Flowering,6087,6557,48.46
31.8,81.1,31.6,23.2,Tomato,Seedling,14986,11341,32.25
31.5,68.7,38.1,0.0,Tapioca,Tuber Bulking,20165,20634,20.88
35.9,87.6,65.0,34.8,Banana,Maturity,54893,45897,46.01
31.1,79.6,62.3,32.2,Pumpkin,Flowering,11302,5960,35.0
31.8,68.8,51.7,27.2,Bitter Gourd,Vegetative,7200,2059,57.92
35.5,89.0,45.4,20.3,Chilli,Vegetative,3600,2551,64.34
33.4,68.2,49.3,12.7,Pumpkin,Flowering,21057,12547,34.97
31.4,68.7,43.6,26.4,Tapioca,Maturity,26357,16252,26.68
32.7,63.2,59.6,27.2,Chilli,Flowering,5477,7691,50.74
29.6,65.4,40.0,14.4,Onion,Maturity,9969,6000,37.9
33.4,70.5,48.9,37.2,Chilli,Harvest,9357,2719,81.62
33.1,74.8,37.2,14.0,Potato,Tuber Bulking,10887,7847,32.46
34.1,67.5,39.5,13.3,Brinjal,Harvest,22462,10218,73.16
36.3,65.9,33.1,0.0,Pumpkin,Flowering,24006,10821,22.0
34.4,62.4,57.5,0.0,Drumstick,Pod Development,16526,12570,41.54
30.6,84.5,51.0,13.8,Bitter Gourd,Fruiting,17869,6626,59.75
29.9,62.5,41.5,9.4,Tomato,Fruiting,18463,16225,35.1
29.6,53.4,36.7,16.1,Onion,Bulb Development,8018,4610,41.02
31.6,77.0,48.4,4.3,Potato,Vegetative,5710,6299,27.61
30.3,70.5,38.9,27.5,Tomato,Flowering,28195,9010,54.31
34.7,73.6,34.9,9.9,Pumpkin,Vegetative,12587,10213,19.39
33.0,69.7,39.9,0.4,Tomato,Maturity,29001,19684,37.79
26.1,63.8,35.1,13.2,Drumstick,Flowering,15784,12847,58.23
29.1,84.3,46.5,4.5,Onion,Bulb Enlargement,9887,6837,42.5
31.3,82.7,48.7,21.9,Cauliflower,Vegetative,8400,4563,54.58
28.0,61.6,45.6,5.2,Tapioca,Root Initiation,12638,9764,25.33
33.6,61.6,39.3,0.0,Drumstick,Vegetative,13646,10668,41.24
33.4,60.1,38.8,9.1,Coriander,Leaf Expansion,1050,1171,111.35
30.9,80.5,42.6,17.4,Chilli,Fruiting,8721,4589,67.67
30.1,70.1,43.5,27.4,Onion,Bulb Development,6896,5175,32.51
33.0,60.2,46.5,10.2,Tomato,Vegetative,13111,16369,35.16
33.9,67.8,45.8,20.5,Coriander,Seed Maturity,1060,438,124.84
36.4,61.0,32.5,23.1,Coriander,Seed Maturity,1912,1516,153.43
32.0,72.6,57.5,21.2,Cauliflower,Seedling,8400,4419,45.72
31.8,58.6,43.5,0.0,Chilli,Flowering,3600,1636,68.01
31.0,75.6,63.1,11.4,Tomato,Flowering,17720,16781,27.87
29.9,62.5,43.8,0.0,Tapioca,Root Initiation,19286,17146,15.85
34.8,79.5,55.8,6.2,Tomato,Vegetative,12020,8718,46.88
29.6,86.7,50.6,5.4,Chilli,Harvest,7386,4182,62.87
34.0,62.6,46.9,25.4,Onion,Maturity,10112,9519,22.0
31.7,62.1,55.3,0.0,Brinjal,Seedling,12600,6090,54.06
37.0,58.9,25.6,23.6,Pumpkin,Fruit Development,15628,21780,13.48
31.8,72.7,33.3,13.7,Tomato,Fruiting,21631,17746,26.82
30.5,87.6,44.8,19.4,Potato,Tuber Initiation,9215,4460,38.81
33.0,72.2,48.8,29.4,Coriander,Flowering,1338,1089,125.24
30.5,62.7,45.4,28.4,Potato,Tuber Bulking,10013,8121,29.87
34.8,68.4,40.9,2.6,Cauliflower,Vegetative,8400,3588,61.86
36.3,60.0,49.7,24.4,Brinjal,Harvest,20928,24363,23.89
31.9,79.3,51.9,0.0,Tapioca,Root Initiation,12895,10287,23.45
29.0,67.0,45.7,22.5,Tomato,Maturity,24861,16459,37.49
33.5,84.4,54.6,5.8,Cauliflower,Curd Initiation,13576,4440,46.4
32.3,57.9,37.6,15.5,Potato,Vegetative,5700,3442,25.38
30.8,73.7,45.4,29.4,Tomato,Seedling,11400,6640,37.45
30.4,81.2,41.5,28.9,Tomato,Vegetative,20413,12274,41.72
35.0,62.4,46.6,0.0,Bitter Gourd,Harvest,11987,17810,27.38
36.6,87.7,50.8,21.8,Brinjal,Harvest,31071,19349,54.49
33.6,71.2,44.1,4.7,Bitter Gourd,Flowering,8747,4116,56.5
32.5,76.5,49.8,31.7,Bitter Gourd,Harvest,9979,11696,45.06
29.8,68.5,36.1,11.8,Drumstick,Pod Development,20291,10726,46.95
31.5,63.6,32.7,10.0,Onion,Bulb Development,6127,2353,42.82
31.6,59.6,48.4,0.0,Coriander,Vegetative,1172,820,147.89
33.8,67.0,33.1,19.7,Coriander,Flowering,1155,615,174.44
32.1,87.1,47.1,19.4,Chilli,Vegetative,4521,2685,84.93
29.7,70.0,63.2,20.9,Brinjal,Flowering,15142,9365,45.51
31.4,67.6,48.8,2.2,Bitter Gourd,Vegetative,11692,5491,78.29
28.5,78.8,24.1,17.6,Tapioca,Tuber Bulking,26130,14026,23.23
32.4,72.6,51.2,34.9,Drumstick,Pod Development,17755,10168,53.83
27.4,65.6,44.7,27.5,Tomato,Fruiting,20141,9545,69.01
36.1,71.0,41.5,14.4,Cauliflower,Seedling,8400,4682,39.98
32.0,63.6,43.8,44.4,Onion,Nursery,5400,7022,26.25
30.3,74.7,47.3,56.0,Brinjal,Seedling,12600,6094,48.83
32.1,77.5,28.5,27.3,Bitter Gourd,Fruiting,12219,8864,41.76
30.6,69.6,61.7,0.0,Onion,Bulb Development,8271,6086,41.79
28.6,74.8,41.3,21.7,Bitter Gourd,Vegetative,7553,5221,55.69
29.2,57.5,36.4,12.2,Chilli,Vegetative,4521,2404,91.92
33.5,62.2,37.9,0.0,Pumpkin,Flowering,19435,8919,26.01
28.7,80.6,52.9,0.0,Pumpkin,Maturity,16632,11951,19.28
33.4,62.7,45.8,37.6,Coriander,Leaf Expansion,1152,910,108.14
32.9,91.0,45.8,18.7,Tomato,Vegetative,11529,10362,38.19
35.6,78.0,56.7,20.6,Drumstick,Pod Development,13964,8494,61.54
27.4,54.1,42.5,0.0,Potato,Tuber Initiation,7185,3564,34.21
35.1,58.6,30.6,11.5,Cauliflower,Curd Development,15484,8640,37.51
33.8,83.6,50.7,40.7,Coriander,Flowering,1451,633,146.63
32.1,75.1,59.2,11.5,Cauliflower,Seedling,8400,7009,35.48
29.3,69.5,49.1,32.6,Tomato,Flowering,18812,8660,48.54
36.6,80.9,56.7,25.7,Onion,Maturity,10390,7950,42.85
29.3,68.0,45.6,4.5,Bitter Gourd,Harvest,15481,8281,51.93
35.4,78.8,43.5,12.2,Tomato,Maturity,19770,15390,35.58
34.4,66.2,39.9,36.8,Tomato,Fruiting,24374,10274,49.98
37.3,66.1,43.8,2.5,Onion,Bulb Development,8313,4794,37.45
34.6,54.2,32.7,4.9,Bitter Gourd,Harvest,17862,11964,63.35
34.1,66.6,38.1,15.7,Banana,Flowering,44164,25178,37.42
34.4,87.5,51.2,22.3,Brinjal,Flowering,12864,9129,56.0
35.0,66.7,37.1,17.8,Banana,Maturity,56634,24159,40.97
33.2,67.0,44.4,8.5,Bitter Gourd,Flowering,9714,6701,70.82
29.6,87.5,51.1,8.1,Bitter Gourd,Harvest,11072,9596,59.12
34.6,66.1,19.8,0.0,Pumpkin,Fruit Development,12957,10175,24.22
32.9,76.7,51.0,42.1,Cauliflower,Vegetative,13501,11980,35.59
34.8,74.1,53.8,36.0,Coriander,Flowering,1452,714,131.69
34.3,88.2,65.0,30.4,Coriander,Flowering,1050,640,133.06
28.5,78.2,58.6,5.3,Pumpkin,Fruit Development,16061,6971,30.17
25.8,75.6,47.3,34.8,Pumpkin,Maturity,17571,7241,33.16
31.0,57.4,32.8,0.0,Drumstick,Harvest,19752,16638,54.08
33.3,67.4,50.6,3.5,Bitter Gourd,Fruiting,14596,6449,61.93
28.7,71.1,44.9,5.6,Drumstick,Harvest,23908,17427,51.35
36.7,70.6,32.7,18.7,Pumpkin,Flowering,10725,9998,27.78
28.3,69.2,44.5,7.4,Chilli,Seedling,5398,4572,74.86
34.7,73.9,46.1,16.0,Banana,Vegetative,38906,33700,33.98
33.9,65.5,35.5,14.5,Chilli,Fruiting,8597,4373,116.58
27.7,71.6,41.6,20.2,Banana,Maturity,63026,38300,38.58
29.7,84.4,48.4,22.3,Onion,Bulb Enlargement,10945,9242,33.87
31.7,73.9,47.6,12.6,Pumpkin,Vegetative,9600,4704,34.26
34.1,86.5,40.0,19.3,Chilli,Seedling,3848,2806,96.91
27.8,59.7,34.8,0.0,Onion,Nursery,5400,3389,32.62
31.3,72.0,31.6,18.0,Banana,Maturity,87752,36591,45.25
30.2,60.7,43.5,20.5,Cauliflower,Curd Initiation,12287,7881,37.72
30.7,55.7,32.0,0.0,Tomato,Vegetative,12013,6239,54.63
31.8,63.9,57.8,8.6,Potato,Tuber Bulking,8423,7624,34.78
29.2,77.3,49.9,19.5,Tomato,Maturity,28039,15140,36.59
29.5,63.0,42.1,13.7,Coriander,Leaf Expansion,1947,1747,108.4
32.0,68.4,40.0,41.2,Brinjal,Vegetative,18177,18460,39.76
33.1,54.2,40.7,16.6,Cauliflower,Curd Initiation,14047,9318,45.24
31.0,87.4,57.6,30.6,Pumpkin,Maturity,18304,21427,21.36
31.4,70.6,49.2,14.7,Potato,Vegetative,5700,5060,29.74
37.7,88.5,48.5,18.7,Brinjal,Flowering,16679,9999,48.62
32.6,84.8,37.2,18.4,Tapioca,Root Initiation,11312,8796,17.58
33.3,71.5,36.0,23.6,Onion,Bulb Enlargement,8875,3343,43.03
36.2,68.6,47.2,19.9,Brinjal,Harvest,33845,49712,27.13
35.9,76.7,33.5,10.9,Onion,Maturity,7501,6090,27.54
29.5,90.0,31.4,28.2,Chilli,Vegetative,3715,4020,44.02
31.2,52.9,44.4,18.4,Banana,Bunch Development,75183,40620,43.61
31.7,80.4,48.0,14.9,Bitter Gourd,Vegetative,9464,6310,48.6
39.8,75.4,32.2,20.0,Potato,Tuber Bulking,8359,8512,25.0
34.0,66.9,41.5,9.9,Pumpkin,Flowering,11280,5480,25.96
38.6,74.2,46.7,19.6,Potato,Tuber Bulking,9551,11492,26.47
31.6,63.0,45.4,6.7,Onion,Nursery,5400,4271,29.8
24.9,80.9,50.4,0.0,Brinjal,Flowering,23581,16618,52.82
31.8,79.7,52.6,16.0,Brinjal,Vegetative,13478,9423,53.23
34.2,63.1,36.2,0.0,Coriander,Flowering,1500,566,139.31
30.4,72.5,34.8,24.3,Brinjal,Seedling,13066,9779,30.37
38.0,60.2,42.5,3.4,Tapioca,Tuber Bulking,27673,13011,19.06
32.0,80.9,39.6,22.4,Brinjal,Fruiting,31336,15570,50.99
32.7,65.3,33.8,4.5,Onion,Nursery,5400,4877,30.31
33.0,79.7,27.0,15.8,Banana,Vegetative,32179,10526,42.86
29.8,74.8,37.6,13.1,Bitter Gourd,Harvest,14278,9139,46.24
29.1,73.1,54.8,1.7,Potato,Maturity,10290,5029,44.03
33.8,67.6,50.0,0.0,Coriander,Vegetative,1050,698,156.14
30.1,63.8,48.5,3.9,Tomato,Fruiting,19001,6212,49.4
33.4,80.2,62.7,12.4,Brinjal,Harvest,27294,12782,55.55
29.5,87.5,49.1,36.0,Tomato,Fruiting,29205,18700,46.03
36.1,84.8,45.9,22.9,Tapioca,Maturity,25297,23517,22.8
27.9,70.2,42.2,8.9,Tomato,Maturity,32212,23797,47.78
33.1,79.6,56.2,7.5,Coriander,Seed Maturity,2251,1684,116.49
31.1,72.6,51.7,16.8,Potato,Tuber Bulking,10585,6871,34.57
33.6,70.0,54.4,0.0,Tapioca,Maturity,19527,10508,19.49
29.7,72.8,39.7,10.3,Banana,Flowering,54944,38631,41.34
31.3,70.0,35.8,0.2,Pumpkin,Vegetative,14568,12858,20.16
32.3,60.7,55.6,19.1,Onion,Maturity,13931,10330,42.76
34.1,74.3,51.2,23.4,Potato,Maturity,11257,9576,38.72
34.3,67.6,50.4,21.6,Brinjal,Harvest,25521,16576,41.06
38.2,79.2,43.1,19.8,Chilli,Flowering,5349,3561,63.54
29.9,84.4,45.0,28.1,Bitter Gourd,Vegetative,11535,6425,64.41
31.6,68.5,46.5,21.2,Banana,Flowering,40395,46149,30.16
30.1,67.9,48.9,51.6,Potato,Maturity,7290,4657,41.37
36.2,77.6,50.4,27.7,Potato,Tuber Bulking,7037,2283,46.31
34.0,73.5,39.6,27.1,Chilli,Flowering,4638,5636,59.26
31.3,76.7,58.3,16.9,Pumpkin,Maturity,15408,12052,19.77
39.6,83.1,44.1,0.0,Cauliflower,Vegetative,8400,7797,43.71
33.1,86.8,56.6,0.0,Tomato,Maturity,24994,20916,29.86
32.9,68.1,48.9,12.8,Potato,Tuber Bulking,9843,4022,45.22
30.2,79.4,52.7,46.8,Pumpkin,Flowering,19003,8599,34.13
35.4,52.5,37.7,10.3,Pumpkin,Vegetative,14337,7698,28.5
28.9,58.3,45.7,28.4,Chilli,Flowering,3609,2367,61.09
34.3,79.0,35.8,31.3,Tomato,Maturity,17523,11720,29.84
34.1,70.4,36.4,30.1,Banana,Vegetative,29673,23076,39.69
29.1,79.9,50.4,2.7,Tapioca,Tuber Bulking,11438,6276,27.8
34.7,70.8,40.0,22.1,Onion,Maturity,12174,6580,40.53
34.2,80.8,45.4,35.9,Banana,Maturity,53683,51130,23.48
36.8,72.7,55.7,22.6,Brinjal,Seedling,12600,8833,47.55
32.2,61.0,51.1,11.3,Tapioca,Root Initiation,10800,8843,14.87
32.4,76.0,39.7,25.0,Bitter Gourd,Vegetative,7200,2022,51.41
29.5,76.7,62.5,6.3,Coriander,Seed Maturity,2179,1810,114.25
34.9,57.6,46.4,10.8,Pumpkin,Fruit Development,16111,14807,18.56
31.5,60.6,51.0,0.0,Brinjal,Seedling,12600,12580,40.18
31.3,70.1,51.7,5.8,Tapioca,Root Initiation,11345,10033,20.15
26.3,59.2,47.7,13.7,Chilli,Flowering,5663,3669,78.74
28.7,71.5,53.2,7.0,Bitter Gourd,Fruiting,11386,7238,42.51
28.4,65.7,46.2,25.2,Tapioca,Tuber Bulking,20600,10930,20.79
30.5,69.4,47.2,0.0,Bitter Gourd,Harvest,13300,14533,47.8
28.9,82.5,59.6,16.7,Bitter Gourd,Flowering,13980,8462,61.66
33.3,56.5,45.3,15.4,Banana,Bunch Development,65944,39006,39.41
32.5,67.3,65.0,23.6,Cauliflower,Harvest,17784,9430,45.08
33.8,78.4,47.9,2.8,Bitter Gourd,Fruiting,8303,5388,47.92
31.2,76.5,55.4,25.8,Cauliflower,Seedling,8400,6499,42.96
34.5,84.2,42.8,30.7,Potato,Maturity,8843,3383,39.39
27.2,69.4,32.1,16.9,Tapioca,Root Initiation,17723,6888,33.11
33.7,68.9,45.0,17.3,Bitter Gourd,Harvest,11309,5831,56.68
28.7,84.8,49.9,18.0,Pumpkin,Vegetative,14339,9457,22.5
30.9,61.4,35.2,20.4,Tomato,Seedling,11513,7600,34.49
32.9,76.9,42.9,2.9,Cauliflower,Vegetative,9352,8979,38.07
28.6,71.1,53.7,4.5,Drumstick,Vegetative,8921,6003,46.23
30.5,83.9,54.6,26.7,Tapioca,Tuber Bulking,23158,25314,21.15
29.3,63.9,35.3,0.0,Tapioca,Maturity,24632,18292,25.93
29.0,73.6,36.7,5.3,Onion,Bulb Enlargement,8939,6212,43.08
31.5,72.0,65.0,35.6,Cauliflower,Curd Initiation,8400,4500,52.75
35.9,62.0,38.7,18.2,Bitter Gourd,Harvest,13802,5881,44.57
33.8,75.6,54.5,5.8,Tapioca,Vegetative,10800,9682,20.94
32.7,69.9,36.7,16.1,Brinjal,Harvest,26985,30441,32.54
31.7,64.0,25.4,4.9,Bitter Gourd,Harvest,14593,4812,66.43
35.3,65.6,26.1,6.0,Cauliflower,Harvest,13842,11299,40.22
31.4,68.7,51.9,17.8,Onion,Bulb Enlargement,11579,11727,30.57
31.1,68.0,53.7,0.0,Chilli,Seedling,3600,4961,38.63
38.0,90.0,47.5,31.3,Tomato,Flowering,14416,4990,44.21
37.6,80.8,47.5,29.8,Onion,Maturity,8971,4514,34.93
27.0,58.4,59.5,9.8,Potato,Tuber Bulking,10831,4339,34.96
30.7,91.7,50.6,42.4,Chilli,Vegetative,4908,4921,53.51
29.4,73.9,62.9,11.9,Brinjal,Vegetative,16350,15555,49.52
38.7,60.7,27.1,20.0,Tomato,Maturity,25031,13718,45.76
29.3,75.1,31.5,0.0,Drumstick,Pod Development,12648,6452,63.35
31.5,69.8,46.1,27.9,Onion,Vegetative,5400,4598,32.52
30.8,67.5,65.0,16.0,Chilli,Vegetative,3600,1742,95.93
32.1,76.0,58.3,44.3,Drumstick,Vegetative,13972,6856,52.84
29.2,72.7,54.5,10.0,Pumpkin,Flowering,9600,3505,36.53
32.3,64.5,42.3,9.3,Cauliflower,Curd Initiation,8400,5263,39.47
30.1,65.7,35.0,19.0,Coriander,Leaf Expansion,1773,1635,82.16
30.0,75.9,57.8,7.3,Banana,Maturity,54171,33752,33.07
31.5,82.0,55.9,32.1,Brinjal,Fruiting,33851,39152,34.29
28.7,86.2,57.1,51.1,Brinjal,Seedling,12600,6766,56.34
32.9,63.3,49.7,55.9,Brinjal,Harvest,24680,8840,58.22
33.9,71.7,56.1,15.8,Drumstick,Vegetative,10905,10268,45.98
33.0,63.5,31.2,20.8,Drumstick,Pod Development,22042,15849,49.78
29.4,76.4,56.9,38.4,Potato,Tuber Initiation,5700,4694,41.57
36.4,81.2,50.5,27.3,Brinjal,Fruiting,19608,11466,41.39
28.8,67.3,50.2,0.0,Banana,Flowering,45999,21159,38.61
32.8,62.1,39.8,35.5,Onion,Bulb Enlargement,9018,4803,29.25
29.9,74.9,62.5,26.5,Cauliflower,Curd Development,15923,23231,23.38
30.2,71.8,43.7,0.0,Potato,Vegetative,5700,4370,30.51
34.2,81.3,46.9,34.7,Cauliflower,Curd Initiation,11997,13524,26.14
34.1,71.8,37.6,0.4,Brinjal,Vegetative,13790,9644,39.8
33.5,72.6,39.6,4.9,Coriander,Vegetative,1210,634,138.22
32.7,85.5,44.7,15.1,Tomato,Fruiting,18406,17915,34.24
27.7,82.6,52.4,24.1,Bitter Gourd,Fruiting,26299,10400,68.35
34.9,76.3,51.4,21.6,Onion,Maturity,5400,3749,35.39
32.7,66.9,54.5,0.0,Coriander,Vegetative,1741,1004,111.25
31.4,60.0,43.4,14.8,Onion,Nursery,5400,1841,42.28
34.5,74.1,42.2,20.2,Banana,Flowering,45880,23877,38.12
30.9,64.3,38.6,0.0,Brinjal,Vegetative,18631,12953,53.94
30.2,62.3,36.9,0.0,Bitter Gourd,Harvest,24435,11056,60.15
32.6,47.7,49.4,0.0,Onion,Nursery,5400,2722,35.81
34.3,55.5,48.0,8.2,Tapioca,Maturity,22060,8500,22.52
32.8,87.4,63.5,7.7,Potato,Tuber Initiation,5700,4940,25.87
33.5,66.1,45.9,23.8,Brinjal,Seedling,14452,18970,26.97
32.1,67.0,34.0,24.6,Banana,Maturity,74107,42254,38.77
38.7,76.2,28.0,3.7,Coriander,Flowering,1311,1136,100.42
33.2,71.0,63.7,7.5,Tomato,Seedling,11619,6500,51.03
30.2,86.8,41.1,0.8,Potato,Vegetative,5700,2665,43.36
36.8,63.5,22.3,26.9,Pumpkin,Vegetative,10480,5559,30.58
28.0,62.5,45.0,5.7,Pumpkin,Flowering,9600,6748,23.74
34.0,67.8,46.9,0.7,Tomato,Vegetative,13506,11347,41.88
34.1,69.8,46.1,26.0,Potato,Vegetative,6858,2922,36.63
31.7,65.1,47.7,14.7,Bitter Gourd,Flowering,11542,8781,61.55
32.2,77.0,35.4,12.2,Pumpkin,Vegetative,14668,13374,16.52
31.3,53.1,45.5,36.0,Pumpkin,Maturity,28715,25625,23.15
33.6,83.5,52.9,0.0,Drumstick,Vegetative,8400,5570,49.95
29.8,62.9,50.4,3.2,Brinjal,Fruiting,23168,10868,48.79
27.9,76.4,65.0,2.2,Drumstick,Harvest,19204,14731,34.75
32.6,68.4,39.9,11.4,Drumstick,Flowering,19740,12121,61.57
28.6,82.4,62.7,7.2,Brinjal,Flowering,15762,10406,61.97
33.8,66.2,52.4,29.4,Bitter Gourd,Vegetative,7200,5538,63.81
31.9,67.1,46.4,3.2,Cauliflower,Vegetative,8797,10778,37.93
26.8,95.8,46.6,13.3,Cauliflower,Seedling,8400,4276,57.18
32.6,65.0,32.3,8.0,Coriander,Flowering,1256,1151,154.2
32.5,64.0,38.7,17.3,Coriander,Leaf Expansion,1050,1325,85.96
30.6,77.4,48.8,32.5,Brinjal,Harvest,35340,22371,42.68
33.3,70.7,39.1,6.0,Tapioca,Root Initiation,24519,22164,19.29
31.1,71.2,47.5,21.5,Brinjal,Fruiting,29006,18994,47.12
30.3,62.2,34.2,8.1,Onion,Bulb Enlargement,8724,5814,33.52
29.1,83.0,55.0,0.0,Onion,Maturity,9013,2929,44.04
33.5,64.7,29.5,14.3,Chilli,Seedling,3600,1853,93.76
29.6,80.2,45.2,7.1,Drumstick,Flowering,10815,10697,48.86
28.8,56.7,43.4,7.5,Bitter Gourd,Harvest,18151,7518,56.37
31.6,80.2,45.7,7.4,Banana,Flowering,57185,69265,26.05
35.5,82.1,49.2,16.0,Bitter Gourd,Flowering,7427,5862,57.79
32.7,78.7,41.7,0.1,Tapioca,Root Initiation,21718,17709,24.39
28.2,59.6,35.9,1.7,Chilli,Seedling,5296,3728,78.88
31.7,69.1,50.5,0.6,Drumstick,Vegetative,8400,2531,65.05
27.7,71.0,61.3,31.0,Bitter Gourd,Flowering,10829,5817,66.08
40.1,67.9,37.8,0.0,Tapioca,Maturity,20267,9843,29.32
29.8,52.8,30.8,26.6,Potato,Tuber Initiation,10777,4747,45.02
30.0,70.1,43.4,15.9,Chilli,Seedling,3600,3486,51.4
33.1,61.6,43.3,4.1,Chilli,Fruiting,9905,5638,83.84
30.5,72.4,44.3,16.9,Pumpkin,Flowering,13508,13496,17.8
31.4,57.9,41.4,9.2,Banana,Flowering,61755,30017,42.81
33.6,80.4,49.9,14.4,Potato,Vegetative,5700,4852,34.09
33.3,70.8,39.2,11.1,Potato,Vegetative,6620,5985,21.13
37.7,67.9,25.5,28.7,Banana,Maturity,57119,33795,26.39
33.3,62.4,41.5,5.0,Banana,Vegetative,28613,18060,33.0
29.4,77.4,44.0,29.1,Pumpkin,Fruit Development,13107,7999,23.38
29.6,64.3,30.9,0.0,Pumpkin,Vegetative,11288,7430,23.81
35.0,63.2,48.0,18.2,Potato,Tuber Initiation,6876,6457,32.91
31.8,83.6,52.9,11.3,Tapioca,Tuber Bulking,22435,24962,15.76
29.9,74.7,48.5,0.0,Chilli,Flowering,5062,3104,61.86
31.4,67.1,45.1,12.3,Chilli,Flowering,4750,3075,65.04
31.8,59.6,25.7,4.8,Onion,Nursery,5400,4482,36.16
30.8,64.9,60.3,0.4,Brinjal,Flowering,17171,16269,62.5
34.8,57.3,22.4,18.9,Brinjal,Harvest,30850,28364,41.15
33.9,77.9,57.9,27.5,Pumpkin,Fruit Development,16655,14582,23.71
38.2,83.3,55.8,25.5,Pumpkin,Flowering,12070,10181,22.08
33.2,68.8,47.3,15.4,Potato,Tuber Bulking,10505,4144,39.14
34.7,89.8,45.9,14.1,Cauliflower,Curd Development,14479,14172,26.37
30.9,74.0,53.7,32.8,Drumstick,Flowering,14514,19311,35.17
31.1,65.2,50.0,0.0,Drumstick,Flowering,18887,10256,75.34
27.3,69.9,49.9,0.0,Brinjal,Flowering,17852,23789,31.31
30.7,74.2,37.4,20.3,Tomato,Vegetative,21272,8735,48.52
29.7,76.7,38.8,29.2,Banana,Bunch Development,73583,66651,27.01
33.7,63.5,35.5,21.8,Tapioca,Tuber Bulking,26888,26851,17.78
33.7,73.4,42.1,17.7,Bitter Gourd,Vegetative,9315,8037,52.58
33.6,64.2,63.5,47.0,Chilli,Seedling,3600,3436,52.42
35.2,69.5,39.0,26.3,Tomato,Maturity,25222,11692,37.47
34.7,71.4,37.7,1.4,Brinjal,Harvest,30797,14716,53.26
33.1,86.5,47.6,27.6,Chilli,Harvest,5580,3831,76.07
29.0,95.2,54.1,23.2,Chilli,Vegetative,3641,1465,75.59
29.7,76.5,46.4,18.4,Cauliflower,Curd Development,15707,10860,57.27
34.6,78.1,37.1,29.2,Bitter Gourd,Harvest,11323,7100,54.09
32.8,75.5,53.1,24.5,Tomato,Maturity,17349,9409,33.84
32.0,71.2,61.0,6.9,Pumpkin,Vegetative,10232,9244,17.72
34.1,62.0,59.8,1.8,Bitter Gourd,Flowering,9034,7396,38.17
30.9,77.0,51.1,30.0,Bitter Gourd,Flowering,10338,8628,41.15
34.2,84.5,59.4,0.0,Onion,Maturity,5772,7321,27.84
33.7,69.2,36.7,20.4,Brinjal,Flowering,23957,11856,44.18
27.9,67.7,48.6,7.1,Brinjal,Flowering,17012,17002,35.57
34.1,91.5,50.4,14.0,Banana,Vegetative,40373,34428,28.63
28.4,79.0,62.2,0.0,Tapioca,Tuber Bulking,15541,10759,18.01
32.8,70.3,44.0,29.2,Tapioca,Tuber Bulking,25093,14388,20.58
32.1,63.2,39.5,19.1,Drumstick,Harvest,11635,9828,38.02
28.7,73.6,58.0,11.6,Drumstick,Pod Development,12826,6239,63.38
28.6,65.4,49.4,0.0,Pumpkin,Vegetative,10266,6922,28.81
32.7,71.4,44.2,12.7,Drumstick,Pod Development,17334,21931,31.19
35.2,87.0,56.9,9.9,Tapioca,Maturity,17900,10795,20.85
28.5,66.3,42.4,17.3,Bitter Gourd,Fruiting,15270,12831,48.72
31.2,60.3,23.8,0.0,Potato,Vegetative,6986,5879,28.91
27.7,78.1,55.9,41.5,Chilli,Vegetative,3600,1780,86.95
36.8,77.5,45.5,18.5,Drumstick,Harvest,26869,20311,60.08
31.5,72.7,46.3,0.0,Coriander,Vegetative,1191,648,154.45
31.7,77.3,65.0,40.5,Cauliflower,Vegetative,8400,4859,61.0
30.7,71.9,50.3,26.1,Cauliflower,Curd Development,15671,6126,40.12
35.7,78.6,50.4,0.0,Tomato,Seedling,11400,9672,33.75
33.7,79.9,59.6,12.6,Onion,Maturity,11068,7652,25.41
26.1,57.6,51.1,0.0,Bitter Gourd,Flowering,17838,8100,68.05
36.4,74.6,45.1,0.5,Tapioca,Vegetative,10800,10000,16.99
36.0,82.2,58.6,52.3,Onion,Nursery,5400,3061,40.21
32.4,65.4,42.7,16.1,Coriander,Vegetative,1050,356,148.44
38.3,50.4,36.1,0.0,Potato,Tuber Initiation,5700,5021,31.62
30.1,69.1,40.4,32.9,Drumstick,Pod Development,13981,5627,68.57
33.0,72.0,40.0,11.8,Tomato,Seedling,11400,7119,56.04
30.1,70.4,47.9,23.1,Bitter Gourd,Fruiting,10989,4757,72.28
29.7,74.2,45.4,8.7,Onion,Maturity,13905,13576,33.07
30.5,66.7,48.6,0.9,Onion,Maturity,8103,3008,47.76
33.4,70.4,51.9,14.1,Tomato,Vegetative,11400,7320,45.67
35.5,77.5,42.1,27.6,Chilli,Flowering,3763,1587,46.23
31.3,64.6,38.1,5.5,Banana,Maturity,56402,43343,30.48
31.4,65.6,47.6,16.0,Banana,Bunch Development,81528,64786,28.95
30.8,78.3,38.0,20.5,Chilli,Seedling,3600,3196,56.51
29.9,82.3,57.0,32.5,Coriander,Vegetative,1548,1946,90.2
35.6,69.5,38.8,13.5,Tomato,Maturity,23729,18206,30.56
36.6,73.5,60.1,7.2,Pumpkin,Maturity,13473,3610,25.97
39.2,84.9,47.3,35.0,Banana,Flowering,40308,53585,24.91
38.3,82.5,44.8,3.1,Tomato,Vegetative,13717,8053,30.29
33.1,59.5,21.5,0.0,Cauliflower,Vegetative,8434,6185,36.83
29.7,57.2,36.9,7.4,Cauliflower,Curd Initiation,11369,4115,48.62
30.3,76.2,42.9,22.9,Potato,Tuber Initiation,8464,9433,33.68
25.6,67.9,43.3,17.4,Bitter Gourd,Harvest,15762,11244,59.46
27.5,63.9,49.1,24.7,Cauliflower,Curd Initiation,19798,12332,45.54
34.8,60.1,51.7,1.5,Banana,Flowering,30594,14664,34.29
33.4,77.8,57.1,3.3,Tomato,Maturity,18765,13173,46.85
32.1,60.2,35.5,1.7,Tomato,Fruiting,26952,12327,52.37
29.1,70.1,51.0,32.1,Tapioca,Vegetative,10800,8660,25.21
29.6,57.1,27.4,5.3,Pumpkin,Vegetative,15390,8821,29.3
39.4,76.3,46.7,14.6,Brinjal,Fruiting,17252,6061,54.39
26.6,88.0,61.6,16.7,Banana,Maturity,65260,40471,35.98
35.4,74.0,34.4,48.0,Tapioca,Root Initiation,11279,9115,16.77
26.8,79.3,40.0,20.1,Chilli,Seedling,3600,1554,79.35
31.1,88.9,55.1,26.9,Coriander,Flowering,1652,1467,125.34
33.5,75.7,51.9,10.6,Brinjal,Harvest,30118,27899,37.44
35.4,89.8,58.0,46.2,Chilli,Flowering,4442,2024,79.11
31.2,74.3,38.8,10.2,Bitter Gourd,Vegetative,11030,8847,48.56
33.4,64.8,39.2,5.9,Tomato,Maturity,26093,17852,38.03
30.1,56.7,39.8,0.0,Coriander,Vegetative,1050,887,121.31
33.6,71.2,44.2,14.1,Tapioca,Tuber Bulking,25726,19502,19.04
32.3,59.6,38.1,13.8,Chilli,Vegetative,6288,5736,74.04
34.6,80.4,54.9,28.8,Cauliflower,Harvest,12898,10532,38.74
32.1,69.1,48.1,1.2,Brinjal,Harvest,32575,29889,35.72
30.4,68.0,38.9,24.0,Chilli,Fruiting,7716,5011,95.1
32.0,73.2,50.9,27.0,Potato,Tuber Initiation,6168,4786,33.0
34.3,60.7,49.1,7.4,Coriander,Flowering,1190,1131,161.97
29.5,89.0,56.4,34.5,Drumstick,Pod Development,16646,15485,51.74
28.9,78.0,59.6,0.0,Banana,Vegetative,37599,24543,37.98
28.9,81.8,52.4,0.0,Potato,Vegetative,5969,4948,25.74
33.7,63.8,38.9,18.0,Potato,Tuber Initiation,6703,5516,31.82
30.3,82.6,41.6,5.9,Drumstick,Vegetative,17635,19274,41.63
30.8,66.1,33.9,27.5,Tomato,Flowering,19669,27971,20.86
32.8,67.0,56.8,3.0,Onion,Vegetative,6089,2588,34.12
33.1,62.4,48.7,32.8,Cauliflower,Curd Initiation,8400,7201,33.67
30.3,67.1,36.2,0.1,Banana,Bunch Development,52351,41421,38.01
36.4,87.0,42.8,13.2,Chilli,Flowering,6038,5334,57.36
30.3,87.6,45.3,21.4,Pumpkin,Maturity,28395,12175,30.58
34.8,84.6,58.2,44.5,Tapioca,Root Initiation,18263,11927,16.2
31.8,68.3,38.5,5.6,Cauliflower,Harvest,23269,11368,42.18
32.2,72.2,31.7,0.0,Bitter Gourd,Vegetative,7688,5339,53.29
27.7,65.4,53.7,0.0,Pumpkin,Vegetative,13919,14349,20.08
34.8,65.4,52.9,14.3,Drumstick,Pod Development,10913,9809,34.93
33.0,61.5,60.3,0.0,Brinjal,Fruiting,20546,36218,29.97
38.5,76.4,41.7,35.9,Pumpkin,Fruit Development,16481,10090,22.9
30.3,82.7,44.5,24.1,Coriander,Flowering,1142,510,126.99
35.5,84.5,63.1,59.5,Cauliflower,Curd Development,10547,6376,46.54
36.2,74.4,57.5,24.5,Cauliflower,Curd Development,14087,7388,47.11
34.6,88.2,53.7,28.6,Pumpkin,Vegetative,12554,5222,26.72
34.0,81.4,33.8,0.0,Bitter Gourd,Harvest,16527,10805,67.61
32.7,59.8,63.7,14.0,Bitter Gourd,Flowering,9317,6214,56.71
33.1,91.3,48.0,10.6,Banana,Vegetative,37017,29091,35.17
33.4,73.0,45.1,35.2,Cauliflower,Curd Initiation,9084,4660,51.9
33.8,54.5,39.5,2.8,Coriander,Leaf Expansion,1438,562,127.38
31.0,82.3,61.9,34.5,Potato,Vegetative,5700,4337,34.0
30.6,73.5,49.6,4.2,Potato,Tuber Bulking,10109,15799,12.49
33.0,90.2,55.1,27.3,Coriander,Flowering,1387,1261,95.0
28.0,79.3,46.5,0.0,Onion,Bulb Development,8855,4636,43.7
32.1,56.5,41.5,0.0,Chilli,Fruiting,6581,4538,81.66
36.4,80.6,52.0,39.4,Drumstick,Harvest,13220,10704,44.96
32.3,59.5,41.4,1.0,Potato,Tuber Bulking,9410,5252,32.54
36.8,77.5,55.2,35.3,Cauliflower,Seedling,8400,6503,45.4
30.7,73.1,58.1,0.0,Tomato,Fruiting,20272,15876,35.84
28.5,52.2,52.7,29.8,Brinjal,Vegetative,23818,9532,50.56
38.2,73.5,47.8,24.7,Cauliflower,Vegetative,10017,9131,38.64
32.0,68.6,28.7,28.6,Pumpkin,Vegetative,9600,8422,25.44
34.6,66.0,28.2,6.2,Drumstick,Harvest,18829,23199,45.78
32.6,85.6,49.8,44.7,Coriander,Vegetative,1080,1393,100.17
34.6,64.7,24.4,16.2,Pumpkin,Vegetative,10503,11803,20.98
33.2,71.1,52.4,0.0,Coriander,Flowering,1505,787,133.53
32.5,67.2,40.1,0.0,Tapioca,Vegetative,10800,6331,29.73
30.3,45.9,48.0,6.3,Banana,Vegetative,43304,21617,43.87
37.0,82.0,58.8,5.7,Cauliflower,Seedling,8400,4188,51.14
31.8,64.9,40.3,9.7,Drumstick,Flowering,12359,6528,45.92
28.8,68.6,54.4,13.6,Brinjal,Seedling,12600,10067,53.2
31.7,72.5,50.1,3.4,Brinjal,Seedling,12600,7861,53.54
32.1,75.5,61.5,8.0,Onion,Vegetative,5707,3130,34.46
32.8,87.3,59.1,30.2,Onion,Bulb Development,7853,3109,32.89
30.2,63.9,57.8,5.3,Coriander,Flowering,1347,1004,134.73
31.2,70.6,41.2,8.2,Coriander,Flowering,1206,600,127.04
28.9,84.7,45.0,9.4,Banana,Bunch Development,62195,32072,37.79
31.5,74.9,45.6,2.4,Potato,Maturity,8834,7217,23.94
32.0,81.9,52.6,39.5,Cauliflower,Vegetative,9894,4032,41.98
34.8,81.1,52.5,35.9,Banana,Bunch Development,37729,35474,23.0
29.9,70.1,51.1,0.0,Brinjal,Vegetative,23091,18889,50.7
34.2,97.0,48.7,4.7,Chilli,Harvest,9519,5928,77.77
34.1,77.1,50.7,34.5,Onion,Vegetative,6241,4722,41.84
32.8,70.8,40.2,11.9,Onion,Bulb Enlargement,11479,4418,47.04
31.0,74.4,50.2,33.9,Cauliflower,Curd Initiation,10002,4518,60.71
35.9,59.2,35.8,27.0,Drumstick,Vegetative,8720,4616,59.61
31.1,74.6,51.6,22.8,Potato,Vegetative,5801,5262,30.04
32.1,68.0,50.3,1.7,Tomato,Vegetative,11646,8424,41.03
27.0,92.1,53.1,11.6,Tapioca,Tuber Bulking,26640,14424,28.28
34.2,81.0,45.1,19.4,Coriander,Flowering,1778,785,156.83
35.6,64.9,38.8,41.9,Brinjal,Vegetative,13331,7075,47.15
33.4,68.7,45.6,17.0,Tapioca,Vegetative,12696,7931,27.03
36.7,82.3,50.8,32.5,Banana,Maturity,42401,56895,27.26
32.9,55.5,34.4,0.0,Chilli,Flowering,7260,5952,70.22
33.1,61.4,33.6,8.1,Chilli,Fruiting,8167,4885,98.73
27.7,85.1,48.0,39.1,Drumstick,Flowering,14274,12420,57.41
30.2,56.9,50.5,9.4,Banana,Flowering,49638,15400,47.1
32.9,78.4,42.5,0.0,Coriander,Flowering,1668,869,132.08
33.0,69.0,40.1,2.2,Coriander,Flowering,1339,772,152.58
24.6,67.5,58.3,23.8,Tomato,Vegetative,12675,6556,46.46
29.5,68.3,35.1,19.0,Chilli,Flowering,7862,6662,48.77
28.9,58.7,39.6,29.1,Bitter Gourd,Flowering,10552,6802,48.01
38.6,82.5,46.2,24.6,Coriander,Leaf Expansion,1745,1295,124.75
33.9,66.8,49.0,0.0,Drumstick,Harvest,18603,7727,49.17
33.9,83.6,65.0,29.3,Tomato,Vegetative,11400,6784,39.16
34.4,90.5,60.9,26.8,Chilli,Flowering,5025,2583,88.48
29.1,64.9,38.5,12.4,Tomato,Seedling,14884,7875,48.56
33.3,61.9,50.1,33.0,Tomato,Maturity,20697,10973,40.72
29.5,73.7,50.5,17.8,Onion,Vegetative,5400,3712,37.91
33.2,77.8,49.5,26.5,Tomato,Fruiting,13358,4361,38.38
31.4,64.5,41.9,9.0,Chilli,Vegetative,4429,5719,34.55
30.9,88.7,58.6,10.6,Chilli,Seedling,3600,2178,78.59
30.9,59.0,47.9,8.7,Potato,Maturity,12163,5114,41.19
39.0,69.0,54.8,0.0,Chilli,Fruiting,6287,5446,52.34
33.3,66.2,62.5,16.6,Coriander,Vegetative,1050,550,167.71
37.6,70.6,33.3,21.4,Onion,Bulb Enlargement,7388,4477,32.0
30.3,67.9,33.6,10.0,Banana,Flowering,44699,18830,45.24
35.5,86.6,54.5,6.5,Cauliflower,Curd Development,17588,10719,45.57
33.7,66.0,45.4,19.1,Cauliflower,Curd Development,17242,10490,45.17
31.7,80.9,54.0,10.8,Bitter Gourd,Harvest,17007,9183,68.42
30.7,72.9,29.7,2.4,Brinjal,Harvest,27238,15584,54.11
32.7,74.2,36.3,44.9,Cauliflower,Seedling,8400,7494,27.8
28.3,79.1,41.2,0.0,Banana,Vegetative,33975,23917,29.5
31.4,73.6,48.8,16.9,Drumstick,Harvest,13175,6448,64.62
34.3,65.8,34.6,7.2,Onion,Maturity,9720,10601,28.95
33.5,66.6,28.6,1.6,Cauliflower,Seedling,8717,6838,34.46
33.6,71.4,36.5,0.0,Tomato,Maturity,22858,15516,47.06
31.9,55.4,46.7,11.2,Drumstick,Pod Development,15324,17814,59.62
30.3,66.1,65.0,0.0,Bitter Gourd,Harvest,12787,5862,43.75
35.3,68.1,29.4,16.2,Tapioca,Vegetative,10800,10642,22.06
33.3,66.6,54.6,22.7,Chilli,Harvest,5535,4834,71.43
30.4,67.4,37.2,20.6,Coriander,Seed Maturity,1269,1113,112.72
31.2,77.5,61.0,8.8,Coriander,Leaf Expansion,1537,797,150.24
28.2,80.2,48.0,23.8,Potato,Tuber Initiation,7440,5734,28.73
34.1,55.1,37.9,0.0,Pumpkin,Flowering,13517,12265,19.64
29.5,58.7,51.3,12.8,Potato,Vegetative,7087,4460,31.34
33.8,73.8,47.2,4.3,Banana,Flowering,41778,22278,30.58
30.7,59.2,47.0,19.3,Onion,Maturity,7422,3897,36.91
23.9,70.3,44.2,12.1,Bitter Gourd,Flowering,13995,9829,60.07
31.8,54.1,35.6,36.4,Chilli,Seedling,4956,2332,91.6
30.6,66.2,38.0,8.8,Chilli,Vegetative,3600,1631,96.29
34.5,55.3,42.3,0.0,Tapioca,Root Initiation,20054,18658,22.59
30.8,74.2,41.7,0.0,Tomato,Flowering,11400,5625,42.43
32.1,80.7,53.5,30.5,Bitter Gourd,Flowering,14456,6014,50.15
31.8,62.8,41.5,28.3,Brinjal,Vegetative,12600,4341,48.75
34.2,66.2,41.5,41.1,Brinjal,Vegetative,13763,13961,49.32
32.3,68.4,40.2,15.6,Potato,Tuber Bulking,10068,7700,33.25
34.3,78.5,60.8,48.9,Coriander,Seed Maturity,2298,1186,139.87
33.4,64.4,46.0,21.7,Potato,Tuber Bulking,9712,9444,29.72
29.3,59.9,58.4,0.5,Bitter Gourd,Harvest,18943,12940,67.65
32.0,77.0,37.7,10.5,Tomato,Seedling,11400,11796,30.97
31.6,75.6,47.1,6.1,Chilli,Seedling,3600,3756,46.31
33.5,79.3,38.2,32.4,Tapioca,Vegetative,19092,10662,23.86
25.0,86.2,44.9,35.2,Bitter Gourd,Harvest,12580,7858,52.35
27.1,68.3,44.4,18.8,Tomato,Seedling,12162,5953,40.59
31.1,81.6,31.9,15.7,Drumstick,Flowering,17694,9384,65.97
33.7,62.9,50.2,7.4,Coriander,Vegetative,1050,330,155.7
34.1,68.8,51.6,32.7,Bitter Gourd,Harvest,11110,13530,33.68
32.9,77.9,30.9,11.6,Pumpkin,Flowering,16849,20269,26.61
33.3,92.8,45.8,12.4,Tapioca,Tuber Bulking,21186,23470,19.16
34.7,81.1,57.1,12.6,Tomato,Seedling,11877,9350,50.69
31.1,66.0,42.6,0.0,Coriander,Flowering,2072,2497,130.99
34.8,60.4,32.9,1.1,Cauliflower,Curd Development,18264,14748,44.0
30.1,77.7,55.5,8.8,Banana,Maturity,58531,74737,19.62
30.0,74.8,44.9,0.0,Pumpkin,Flowering,16840,11935,24.36
33.1,76.2,54.4,29.4,Potato,Maturity,11002,7633,32.66
32.8,68.6,47.4,16.3,Banana,Maturity,60476,60278,29.79
33.0,62.1,43.5,3.0,Cauliflower,Harvest,16462,11323,33.43
29.9,74.3,60.5,20.5,Cauliflower,Curd Initiation,11842,6687,45.53
34.7,81.6,57.1,23.0,Tomato,Flowering,14755,6389,44.42
34.4,55.9,34.0,8.6,Onion,Bulb Development,7630,4556,33.81
33.2,62.4,62.1,43.3,Onion,Maturity,8947,4787,38.95
32.9,71.0,35.5,2.1,Onion,Bulb Enlargement,10858,11881,20.39
32.8,68.4,50.7,23.8,Tomato,Maturity,21893,19677,41.86
27.6,70.5,40.4,24.7,Onion,Nursery,5400,5425,26.55
30.6,78.0,28.8,39.0,Tapioca,Root Initiation,19074,9325,17.7
31.6,70.9,45.0,21.7,Chilli,Fruiting,4022,3870,76.83
30.4,69.9,55.8,0.0,Bitter Gourd,Vegetative,8551,9466,33.23
32.9,73.2,54.2,21.6,Bitter Gourd,Harvest,12602,11714,38.94
32.3,70.8,40.8,11.8,Banana,Bunch Development,56644,21809,41.89
34.9,62.2,33.5,0.0,Tapioca,Maturity,27065,21317,15.73
35.1,72.0,35.0,0.0,Cauliflower,Harvest,17790,11335,33.36
33.0,59.1,51.5,0.0,Tomato,Flowering,15078,10771,40.81
30.1,91.1,35.8,11.0,Brinjal,Seedling,17263,11892,45.1
34.3,65.1,47.6,0.0,Onion,Maturity,11476,5954,34.35
36.8,86.0,50.1,12.5,Bitter Gourd,Flowering,11847,11231,37.7
31.5,58.3,52.0,7.0,Tapioca,Maturity,21101,14002,21.67
29.3,67.7,41.5,0.0,Potato,Vegetative,5700,5001,33.79
29.9,75.1,39.8,0.0,Pumpkin,Flowering,16981,12222,18.67
34.5,70.5,42.7,27.0,Drumstick,Flowering,15517,18670,52.89
29.7,62.2,54.6,16.7,Tomato,Seedling,11400,3482,43.13
32.0,56.4,35.5,8.5,Coriander,Seed Maturity,1293,529,129.85
36.0,59.5,31.1,0.0,Tapioca,Maturity,17301,10958,24.1
30.5,73.4,41.6,13.2,Cauliflower,Curd Initiation,11602,7853,34.41
31.0,91.6,59.4,52.3,Drumstick,Vegetative,8400,2896,80.58
33.6,74.6,47.9,0.0,Chilli,Vegetative,3600,1786,97.14
33.8,52.6,33.1,21.1,Bitter Gourd,Flowering,12129,10199,46.98
31.7,64.1,44.6,0.0,Tapioca,Maturity,19844,12372,21.33
33.7,68.3,43.7,25.2,Bitter Gourd,Harvest,12948,5414,54.26
31.1,85.7,46.7,7.3,Cauliflower,Harvest,15740,13707,30.64
35.2,60.7,30.3,19.0,Drumstick,Pod Development,18501,11836,59.21
29.0,69.1,52.9,15.0,Pumpkin,Flowering,10949,14593,16.15
31.1,62.6,35.3,25.9,Drumstick,Pod Development,22266,19734,50.85
34.7,79.7,47.5,25.5,Chilli,Vegetative,3932,4906,37.64
32.8,55.3,40.6,24.4,Bitter Gourd,Harvest,19741,9404,61.2
30.3,96.6,64.1,46.0,Coriander,Vegetative,1050,1027,131.93
33.3,72.9,35.3,30.6,Tapioca,Root Initiation,13697,9945,21.9
31.4,64.2,58.6,15.7,Coriander,Seed Maturity,1310,642,128.27
31.1,81.5,45.4,42.5,Banana,Maturity,65799,70251,39.46
30.2,73.4,54.5,14.9,Chilli,Vegetative,3600,1387,107.85
34.1,73.3,63.1,13.3,Tapioca,Root Initiation,11816,11938,18.18
29.1,66.9,56.1,14.0,Pumpkin,Fruit Development,18310,13001,23.88
33.4,48.2,37.1,0.0,Bitter Gourd,Flowering,13327,7172,49.14
30.5,60.4,57.9,1.2,Chilli,Harvest,7277,3290,72.77
30.2,68.7,45.5,16.0,Drumstick,Flowering,12631,16825,32.57
34.0,69.6,47.9,2.2,Banana,Bunch Development,48645,17703,36.29
35.3,76.2,45.3,26.5,Onion,Maturity,9090,6063,34.53
36.0,71.6,47.9,20.6,Coriander,Seed Maturity,2170,1648,120.08
31.4,85.2,43.3,0.0,Tapioca,Maturity,14200,9138,19.7
34.2,79.8,46.3,38.8,Drumstick,Flowering,15199,22729,44.92
32.1,78.2,30.2,12.1,Brinjal,Vegetative,15245,9971,68.65
32.6,66.2,55.1,24.3,Pumpkin,Fruit Development,18839,21586,17.8
33.0,84.2,65.0,43.4,Drumstick,Vegetative,10968,8908,43.84
27.9,69.8,41.5,3.6,Tomato,Seedling,13995,9356,40.42
31.2,77.3,42.7,20.2,Cauliflower,Vegetative,8400,4113,40.98
34.8,76.0,45.6,19.6,Bitter Gourd,Vegetative,10282,6237,65.25
27.6,63.4,41.5,0.0,Banana,Maturity,62987,39708,46.3
36.1,82.7,49.9,22.8,Coriander,Seed Maturity,1260,746,136.08
32.3,80.2,50.4,22.1,Banana,Flowering,39534,32511,33.98
33.3,63.8,28.5,14.2,Tomato,Flowering,12538,9374,32.62
31.1,80.1,47.3,19.9,Tomato,Flowering,20992,9465,49.23
29.1,69.1,30.4,11.4,Brinjal,Flowering,23031,14259,43.99
28.6,62.4,49.3,16.7,Cauliflower,Seedling,8400,5931,43.26
29.3,76.7,39.8,24.9,Pumpkin,Vegetative,14014,7919,34.67
32.2,86.1,53.8,39.4,Drumstick,Flowering,13971,5059,63.97
30.1,78.4,54.2,13.2,Tapioca,Tuber Bulking,22159,14824,27.85
31.5,62.7,51.4,15.4,Drumstick,Harvest,13075,7891,42.79
28.3,67.3,36.2,17.2,Tapioca,Tuber Bulking,19729,17144,27.72
33.0,73.0,43.7,0.0,Chilli,Fruiting,4428,4819,44.43
31.3,78.4,51.7,0.0,Onion,Nursery,5400,4592,48.52
35.9,65.6,44.9,27.7,Coriander,Vegetative,1261,1123,101.04
33.7,78.2,32.2,15.2,Chilli,Harvest,5497,5481,50.51
35.2,81.0,52.5,27.1,Banana,Flowering,33037,30478,24.96
32.9,69.4,45.0,2.8,Drumstick,Harvest,23895,10879,85.64
32.3,63.4,64.2,26.3,Bitter Gourd,Flowering,8502,12963,30.25
32.2,64.3,47.4,0.2,Tomato,Seedling,11400,13518,39.41
31.7,60.9,41.3,0.0,Banana,Bunch Development,69510,62850,32.67
29.1,72.0,50.8,14.0,Drumstick,Flowering,13618,12856,52.26
32.9,69.5,41.1,16.3,Pumpkin,Flowering,12502,6851,21.1
35.8,68.5,39.2,0.0,Tomato,Fruiting,21556,21879,25.19
34.1,85.0,58.4,27.9,Banana,Maturity,65781,26937,49.23
32.0,63.5,30.5,23.6,Onion,Nursery,5400,3424,39.02
39.1,67.3,54.0,0.0,Bitter Gourd,Vegetative,7467,4078,44.66
34.5,56.5,46.3,27.8,Pumpkin,Flowering,15113,8792,26.24
36.2,76.6,47.4,1.2,Chilli,Harvest,6339,4927,71.63
32.6,56.4,54.8,0.0,Coriander,Flowering,1690,954,114.12
28.9,61.6,43.9,9.2,Drumstick,Flowering,17490,14748,54.04
31.1,72.9,40.3,26.4,Banana,Flowering,52712,58181,23.11
29.8,71.2,57.9,4.1,Banana,Flowering,33369,15326,46.88
32.4,71.9,39.0,0.0,Bitter Gourd,Vegetative,14616,13626,39.98
34.0,83.8,49.1,33.5,Cauliflower,Harvest,15825,12231,39.9
33.7,65.7,34.4,0.7,Banana,Flowering,45589,36487,34.55
33.9,65.0,36.8,9.1,Potato,Tuber Bulking,11786,15524,20.3
35.4,90.6,52.4,44.0,Banana,Flowering,27575,41193,24.08
30.6,93.7,47.7,48.0,Tomato,Maturity,33574,37805,25.2
30.6,53.7,41.2,29.2,Onion,Maturity,10898,5602,35.33
35.6,71.9,51.5,13.6,Drumstick,Harvest,12308,9896,54.19
32.6,71.7,54.3,3.0,Cauliflower,Harvest,14027,16930,34.91
34.2,53.8,41.1,0.0,Potato,Vegetative,5700,4359,29.36
33.6,89.3,51.4,17.8,Potato,Vegetative,5896,3650,27.3
30.4,73.5,60.4,16.5,Potato,Vegetative,5700,6239,30.72
38.5,81.3,50.8,31.8,Brinjal,Harvest,28001,24358,34.72
29.6,62.3,41.7,9.5,Brinjal,Fruiting,30628,26091,36.08
37.4,78.0,55.3,0.0,Brinjal,Seedling,12600,10101,38.08
26.3,60.3,40.2,0.0,Banana,Vegetative,34810,16568,43.68
30.2,77.0,51.5,21.7,Tomato,Flowering,20100,12231,43.08
30.9,77.9,61.9,0.6,Onion,Maturity,10897,4396,40.42
32.4,73.6,49.6,22.1,Banana,Flowering,52918,26507,42.33
32.9,82.5,35.7,23.4,Banana,Bunch Development,46723,31763,28.1
31.4,75.8,34.6,0.0,Coriander,Vegetative,1050,1202,95.65
30.4,77.3,43.2,19.3,Onion,Nursery,5400,2853,39.57
31.6,63.8,35.3,21.5,Bitter Gourd,Flowering,7470,7166,47.4
32.4,71.9,49.0,23.9,Onion,Nursery,5400,4508,34.82
32.4,77.8,31.0,24.0,Brinjal,Vegetative,21451,25528,39.1
27.0,70.2,57.8,32.7,Chilli,Seedling,3600,1637,98.48
32.9,63.9,31.7,11.5,Banana,Maturity,59343,27587,31.46
32.5,78.5,46.4,10.4,Chilli,Fruiting,8578,6556,66.22
31.0,58.9,37.2,9.7,Chilli,Seedling,3600,3793,61.45
31.0,82.5,51.3,11.2,Chilli,Fruiting,7029,3413,86.1
36.1,86.8,46.0,23.2,Tomato,Flowering,19342,9960,40.27
27.8,71.9,48.4,0.0,Onion,Bulb Development,5400,6061,29.94
34.0,73.8,49.3,20.7,Pumpkin,Vegetative,9600,9997,17.31
33.5,74.4,42.2,55.0,Cauliflower,Curd Initiation,12302,10082,34.1
27.6,75.5,53.3,0.0,Brinjal,Vegetative,15034,5499,65.44
35.7,63.5,55.5,3.6,Potato,Tuber Initiation,7897,4756,38.1
31.4,80.6,50.2,26.4,Onion,Bulb Development,5400,3803,37.45
32.8,79.5,54.4,15.9,Coriander,Vegetative,1204,903,102.96
34.8,57.3,38.3,0.0,Drumstick,Harvest,22082,29672,50.84
37.0,71.6,33.9,45.2,Tomato,Maturity,24142,9402,49.52
34.3,69.0,47.5,25.9,Pumpkin,Vegetative,10205,7512,22.64
34.2,81.1,54.3,39.7,Pumpkin,Flowering,9945,9626,25.57
27.2,67.2,30.8,21.2,Banana,Bunch Development,47129,20134,48.72
37.8,58.9,38.6,0.0,Tomato,Maturity,23018,16513,32.7
29.0,61.3,52.4,9.5,Bitter Gourd,Vegetative,8626,4554,67.6
30.0,66.6,39.9,24.6,Brinjal,Flowering,30633,20662,45.08
29.8,82.7,43.4,0.0,Tomato,Maturity,32093,33607,33.99
32.9,66.7,38.5,17.0,Drumstick,Vegetative,9734,9842,49.75
30.6,93.5,58.7,10.3,Coriander,Vegetative,1093,1257,127.47
33.0,85.2,60.6,20.0,Tapioca,Root Initiation,12566,5358,21.43
37.0,89.3,59.6,40.1,Pumpkin,Fruit Development,13168,8281,22.2
28.6,72.4,40.5,30.4,Chilli,Flowering,5417,3725,88.5
32.5,74.5,52.5,0.0,Tomato,Vegetative,11400,5068,41.03
33.1,75.6,36.9,30.2,Drumstick,Pod Development,19711,10438,70.51
30.2,60.4,43.5,17.9,Bitter Gourd,Vegetative,10491,9065,37.86
28.2,62.1,40.1,9.5,Drumstick,Pod Development,29844,20649,60.89
35.0,77.7,51.0,13.1,Bitter Gourd,Harvest,16133,7424,73.76
28.5,78.7,63.7,31.2,Potato,Vegetative,6424,3662,36.57
31.9,68.4,47.2,29.7,Drumstick,Flowering,12109,16055,48.27
32.4,72.5,45.3,25.8,Tomato,Maturity,20800,8080,58.79
29.9,83.9,45.0,33.2,Pumpkin,Vegetative,11904,6585,29.9
30.2,81.1,57.2,15.7,Tapioca,Maturity,20364,9939,14.98
32.3,51.3,33.6,2.1,Pumpkin,Maturity,27640,23716,25.75
29.0,77.6,39.9,25.0,Chilli,Fruiting,10741,10233,63.75
31.2,58.8,38.4,31.2,Coriander,Flowering,1605,916,156.43
31.1,61.6,42.2,0.0,Onion,Vegetative,7494,3848,43.01
27.5,70.6,62.4,10.3,Potato,Maturity,7295,6043,35.24
29.0,75.2,47.2,26.9,Pumpkin,Flowering,13678,6723,31.59
26.0,70.6,41.9,12.2,Tomato,Seedling,11400,3804,58.78
33.0,79.1,45.6,18.2,Potato,Tuber Initiation,5700,6561,26.28
34.4,70.3,41.1,18.4,Onion,Nursery,5400,3853,41.19
30.8,69.5,46.5,3.9,Bitter Gourd,Harvest,14341,7840,54.24
29.9,62.5,36.3,0.0,Tapioca,Root Initiation,15562,10324,30.29
34.5,69.1,41.2,21.6,Cauliflower,Curd Development,16150,22192,33.21
30.1,72.6,50.9,10.6,Tomato,Seedling,11400,9444,32.68
29.5,76.5,41.2,26.6,Pumpkin,Maturity,28541,16678,27.98
32.6,82.6,59.6,16.0,Tapioca,Root Initiation,13362,5879,23.21
34.3,76.9,49.0,40.8,Coriander,Flowering,1050,302,162.32
31.6,78.2,51.3,12.6,Pumpkin,Maturity,21880,15223,16.65
35.0,74.2,54.3,0.0,Tomato,Flowering,16696,8979,42.64
35.7,69.1,38.8,24.5,Coriander,Flowering,1050,889,90.22
34.1,83.2,47.2,20.6,Bitter Gourd,Flowering,9564,4066,47.76
32.9,71.2,49.1,7.5,Chilli,Fruiting,5123,5611,44.36
32.0,74.2,61.9,15.7,Bitter Gourd,Fruiting,11066,7810,42.11
31.8,69.0,47.9,18.7,Banana,Flowering,58479,50666,22.63
28.2,77.6,46.4,14.9,Onion,Maturity,11058,8271,34.73
31.1,70.3,45.1,6.8,Drumstick,Vegetative,13479,7143,44.69
33.3,71.3,40.8,17.5,Drumstick,Harvest,23145,18254,45.28
31.9,68.3,30.4,18.8,Coriander,Flowering,1870,1661,139.93
29.5,65.7,54.0,17.6,Bitter Gourd,Flowering,8820,6980,58.03
31.9,82.1,44.3,43.3,Tapioca,Tuber Bulking,11634,6703,22.8
34.8,64.1,34.8,0.0,Potato,Tuber Initiation,6834,3297,38.03
34.5,75.4,40.4,6.2,Onion,Bulb Enlargement,8054,5570,42.18
34.8,71.8,49.9,22.5,Chilli,Seedling,3600,3457,45.76
30.9,61.1,48.9,0.0,Coriander,Flowering,1768,1536,92.39
32.8,53.4,25.3,9.2,Cauliflower,Curd Development,17522,12055,56.24
33.3,73.5,40.1,10.4,Potato,Maturity,8360,4274,35.47
34.2,68.2,36.0,0.0,Drumstick,Harvest,21532,12128,73.29
34.1,73.2,39.9,24.7,Tapioca,Root Initiation,14129,5253,21.71
26.0,78.9,56.6,9.1,Onion,Bulb Enlargement,10153,8920,39.67
30.6,66.4,57.6,20.4,Potato,Maturity,10354,7723,37.88
33.6,84.9,58.2,26.6,Drumstick,Pod Development,11492,7570,75.56
36.0,78.4,52.9,0.0,Cauliflower,Vegetative,8400,2891,54.73
32.3,71.1,50.9,11.8,Bitter Gourd,Fruiting,16182,12437,40.23
31.9,80.8,38.5,3.9,Tomato,Vegetative,14514,8876,39.12
36.0,63.4,33.0,41.0,Banana,Maturity,62180,37352,35.86
30.7,73.4,36.4,12.5,Potato,Maturity,10433,6479,40.29
34.6,73.2,44.9,28.8,Pumpkin,Maturity,23024,16654,19.27
33.9,63.4,39.9,18.7,Drumstick,Pod Development,19228,20924,55.19
30.4,69.8,36.2,26.4,Chilli,Seedling,3600,3867,64.13
34.5,66.5,47.7,23.9,Brinjal,Seedling,13800,9875,42.58
30.9,76.4,54.4,0.0,Coriander,Seed Maturity,2392,1296,181.51
28.7,67.0,57.0,47.1,Chilli,Fruiting,6092,4350,75.2
34.2,75.5,46.6,29.8,Potato,Vegetative,5700,3587,26.96
30.1,78.2,65.0,1.8,Cauliflower,Seedling,8400,3663,49.64
31.4,94.5,54.9,27.3,Pumpkin,Fruit Development,27099,14775,25.0
32.6,69.8,49.3,20.5,Bitter Gourd,Harvest,10568,9260,45.51
30.4,77.1,52.2,24.2,Chilli,Fruiting,5859,3385,85.5
37.1,81.1,41.4,14.9,Coriander,Seed Maturity,1825,1693,103.97
31.3,75.9,64.9,32.3,Tomato,Maturity,21356,7388,70.59
31.5,83.8,40.8,26.0,Bitter Gourd,Flowering,7961,4471,51.52
34.4,79.2,44.0,0.0,Onion,Bulb Development,7268,4494,36.09
34.1,75.4,34.7,24.7,Tomato,Flowering,21401,11080,39.15
30.9,71.6,48.4,41.8,Chilli,Vegetative,6318,3633,74.09
30.9,73.5,55.4,11.1,Coriander,Leaf Expansion,1985,1891,120.44
34.4,91.0,31.7,0.0,Bitter Gourd,Fruiting,12301,7166,53.84
33.8,76.5,46.0,12.8,Bitter Gourd,Flowering,9578,9601,32.26
30.3,65.5,43.6,4.5,Tapioca,Maturity,14407,11407,19.95
33.3,74.0,47.8,0.0,Chilli,Flowering,5295,3180,84.62
31.2,62.9,37.6,26.7,Bitter Gourd,Fruiting,21083,12679,67.32
31.3,64.0,31.2,21.8,Chilli,Fruiting,7756,6770,61.65
40.2,66.8,36.6,18.3,Tomato,Flowering,21499,9153,47.29
28.7,63.5,58.5,14.5,Coriander,Leaf Expansion,1050,893,146.83
31.4,66.3,44.6,35.4,Coriander,Leaf Expansion,1228,499,178.35
28.4,57.5,52.7,3.1,Brinjal,Flowering,19758,16450,48.45
31.2,80.8,39.8,3.6,Drumstick,Vegetative,13671,10206,43.56
30.6,73.7,46.1,24.2,Potato,Vegetative,7766,5538,42.34
31.9,57.5,41.9,12.3,Brinjal,Fruiting,32764,12238,61.98
30.3,96.6,48.8,23.6,Banana,Flowering,53335,18855,42.64
32.7,80.8,54.0,51.5,Chilli,Vegetative,3984,3008,101.65
31.5,66.8,51.7,0.0,Chilli,Flowering,4611,2930,65.0
36.4,73.9,40.6,29.2,Potato,Tuber Initiation,6454,5903,26.67
32.1,88.0,57.0,33.2,Drumstick,Harvest,19924,21495,43.15
30.8,72.3,45.5,27.1,Tomato,Fruiting,20717,9191,41.92
27.3,81.3,52.0,35.1,Coriander,Flowering,2149,1449,147.71
34.0,82.6,53.6,5.3,Onion,Maturity,11332,7590,34.41
34.5,51.2,17.9,0.0,Brinjal,Vegetative,16225,13292,37.29
28.7,67.3,43.8,19.9,Chilli,Flowering,7551,4373,58.57
32.0,70.0,50.4,38.1,Cauliflower,Curd Development,19333,8939,49.67
31.0,60.8,35.7,2.4,Drumstick,Flowering,21648,15861,50.47
30.3,56.2,49.1,0.0,Brinjal,Fruiting,26848,19310,59.0
35.2,78.8,39.3,22.9,Banana,Vegetative,32917,42177,20.56
31.0,73.9,39.4,19.6,Tomato,Seedling,11400,11117,35.62
31.9,93.4,47.3,16.1,Pumpkin,Flowering,12433,6143,24.62
30.1,65.4,59.2,17.2,Onion,Bulb Enlargement,8810,3630,45.38
34.0,71.5,52.8,49.8,Onion,Bulb Enlargement,10040,8382,42.17
29.6,68.5,36.2,6.2,Chilli,Vegetative,5723,1915,75.14
31.3,79.3,47.5,15.7,Onion,Bulb Development,7543,3219,46.77
30.0,72.2,53.2,0.0,Bitter Gourd,Vegetative,7200,3748,54.97
25.7,68.4,53.8,11.5,Bitter Gourd,Flowering,12458,12226,42.78
30.5,76.6,59.7,0.0,Drumstick,Pod Development,15222,8408,67.82
30.5,56.9,42.4,0.0,Drumstick,Pod Development,22763,15250,54.0
30.2,75.6,32.3,6.5,Potato,Vegetative,7331,7239,29.45
32.3,59.9,46.6,21.9,Chilli,Seedling,3600,3944,56.99
33.7,70.2,48.5,43.9,Drumstick,Vegetative,20412,14354,50.83
33.4,79.7,36.4,0.0,Tapioca,Root Initiation,15996,11100,22.22
34.5,67.7,37.0,10.3,Bitter Gourd,Fruiting,10270,7431,36.7
33.1,70.6,39.5,16.1,Potato,Maturity,11551,8885,33.85
29.6,69.5,51.0,40.1,Banana,Maturity,80492,46050,34.95
31.6,58.3,34.9,31.1,Pumpkin,Flowering,23765,21694,22.53
34.6,75.2,42.2,17.2,Bitter Gourd,Harvest,10302,3160,64.09
34.8,71.0,34.7,6.3,Bitter Gourd,Harvest,21362,11893,61.71
34.7,61.5,37.4,19.3,Brinjal,Harvest,23427,9888,51.89
30.5,62.2,57.2,13.6,Brinjal,Harvest,28368,19751,33.99
32.7,77.3,38.8,22.1,Cauliflower,Curd Initiation,8730,6794,60.37
29.6,69.7,58.5,14.2,Onion,Maturity,13466,8852,38.4
29.2,70.4,40.4,0.0,Tomato,Vegetative,15440,7632,64.05
32.4,78.0,37.7,22.0,Pumpkin,Flowering,18342,10958,25.69
33.0,76.2,48.3,0.0,Tapioca,Root Initiation,14864,12874,17.88
33.7,75.2,57.0,16.7,Cauliflower,Harvest,16187,10437,40.77
36.0,47.2,26.0,4.2,Banana,Flowering,31276,47172,23.98
34.9,79.7,64.3,12.6,Pumpkin,Fruit Development,18961,22858,20.79
31.2,72.0,31.7,18.9,Tomato,Fruiting,29771,29309,31.04
35.2,74.4,50.1,0.0,Bitter Gourd,Harvest,16230,7568,58.39
28.8,78.1,54.7,14.8,Potato,Tuber Initiation,7383,2867,50.93
28.1,64.9,40.1,8.8,Coriander,Flowering,1736,652,154.44
34.5,70.5,47.5,17.1,Tapioca,Root Initiation,15813,14111,15.74
32.9,58.3,41.2,0.0,Coriander,Flowering,1417,1003,150.26
31.9,81.5,52.3,0.0,Tomato,Seedling,11400,6557,46.84
31.9,81.4,25.7,41.8,Tapioca,Maturity,23276,19609,15.04
30.3,66.5,52.7,0.0,Coriander,Vegetative,1312,947,120.04
28.1,77.9,47.2,26.5,Pumpkin,Fruit Development,21261,11997,29.71
29.3,75.7,39.9,36.7,Bitter Gourd,Flowering,13545,9534,65.59
31.5,52.2,35.9,0.0,Banana,Maturity,86591,106796,30.86
33.1,65.6,38.0,2.8,Cauliflower,Seedling,8400,3771,43.96
30.4,77.4,62.5,16.3,Cauliflower,Harvest,12682,6623,53.79
27.4,73.8,65.0,40.7,Potato,Vegetative,7083,3586,58.29
28.2,79.9,65.0,12.3,Pumpkin,Fruit Development,20383,16276,28.15
35.4,86.4,63.8,8.0,Brinjal,Harvest,17475,9419,51.5
33.6,71.3,58.1,9.1,Tomato,Flowering,16878,14811,30.49
35.9,78.5,55.3,41.3,Brinjal,Harvest,26797,17519,54.7
30.0,81.1,63.1,23.5,Potato,Tuber Initiation,5931,2799,31.59
28.2,67.3,42.4,20.2,Bitter Gourd,Vegetative,8429,8055,51.73
30.0,60.7,44.4,0.0,Onion,Bulb Development,7077,5971,33.2
31.7,66.7,51.0,12.2,Banana,Vegetative,31224,36690,32.09
31.2,82.2,57.8,43.6,Coriander,Seed Maturity,1050,586,112.12
32.9,80.3,62.4,21.1,Potato,Vegetative,6174,3062,35.15
36.1,58.2,33.4,0.0,Tapioca,Root Initiation,13294,8493,23.23
37.6,65.1,37.5,10.8,Brinjal,Seedling,12600,11045,45.6
35.2,70.4,61.1,0.0,Onion,Nursery,5400,2745,42.58
34.9,72.4,50.1,18.6,Tomato,Maturity,19293,12036,38.61
31.7,67.6,47.2,22.8,Pumpkin,Flowering,11643,4793,26.65
32.6,73.1,65.0,38.3,Chilli,Harvest,6872,5154,63.93
29.7,69.0,45.4,13.5,Brinjal,Vegetative,12600,8972,59.94
33.5,68.6,33.6,35.4,Tapioca,Root Initiation,17638,13951,18.75
30.0,69.4,33.6,8.0,Potato,Vegetative,7707,7167,22.34
35.0,63.2,52.9,18.0,Onion,Vegetative,5595,2072,31.14
31.0,68.8,43.3,0.0,Bitter Gourd,Harvest,20709,13433,50.72
31.5,84.0,43.7,0.0,Pumpkin,Vegetative,10987,10160,19.08
29.8,70.1,42.0,21.2,Onion,Maturity,9578,5346,33.76
32.4,81.9,40.6,0.0,Potato,Maturity,9357,6977,40.48
33.1,78.0,43.2,10.0,Brinjal,Flowering,17861,15234,54.98
36.0,63.1,61.5,17.5,Potato,Tuber Initiation,7610,5968,22.59
30.2,79.3,42.7,7.4,Onion,Nursery,5400,4940,26.8
33.6,71.1,39.8,35.1,Brinjal,Harvest,42039,43791,32.0
32.4,75.6,56.4,1.0,Chilli,Fruiting,5582,4167,67.38
32.1,68.5,51.7,7.6,Banana,Vegetative,27686,13213,39.44
35.4,70.5,49.0,29.8,Onion,Maturity,8988,8813,28.62
38.5,61.6,34.9,43.2,Cauliflower,Seedling,8400,9503,29.29
32.0,65.0,38.3,8.6,Potato,Vegetative,5839,3553,32.79
25.3,67.6,54.1,35.4,Cauliflower,Curd Development,24710,13094,39.63
34.2,91.1,54.2,23.1,Tapioca,Tuber Bulking,21886,10440,26.98
31.3,81.5,65.0,29.6,Pumpkin,Fruit Development,12883,4409,30.52
31.9,83.4,51.8,0.7,Potato,Vegetative,5857,2992,36.01
38.2,78.4,55.7,37.0,Tapioca,Vegetative,10800,8209,22.44
31.2,78.8,48.3,31.6,Bitter Gourd,Vegetative,7200,2416,58.13
36.8,65.0,35.5,29.0,Tomato,Maturity,19534,9913,32.24
31.3,72.7,65.0,21.3,Onion,Bulb Development,6570,2022,60.79
27.3,83.7,42.9,11.5,Coriander,Vegetative,1068,1029,117.97
31.5,68.6,34.4,12.2,Bitter Gourd,Vegetative,11802,5033,69.2
29.8,74.0,42.0,42.9,Coriander,Flowering,1230,549,141.01
35.6,82.8,54.8,19.4,Pumpkin,Vegetative,9732,7862,28.69
29.9,80.9,47.5,28.8,Chilli,Flowering,4263,1964,86.44
27.1,60.6,62.6,17.3,Potato,Maturity,12870,7391,52.67
32.2,58.4,37.6,16.7,Tomato,Maturity,21472,15583,35.42
30.1,83.2,65.0,62.8,Pumpkin,Maturity,21162,10247,23.26
36.5,56.9,41.5,0.0,Banana,Bunch Development,54609,31608,33.83
31.6,71.9,42.2,4.9,Bitter Gourd,Harvest,19446,8406,58.3
31.9,70.4,43.8,17.1,Coriander,Vegetative,1050,1088,119.4
24.8,85.7,49.1,7.1,Banana,Vegetative,39287,25276,50.0
31.4,61.6,44.5,8.3,Onion,Vegetative,5400,2716,47.65
30.7,60.4,45.2,22.3,Tapioca,Root Initiation,14145,14906,21.94
29.2,72.5,42.5,33.4,Drumstick,Harvest,20465,18703,52.71
34.4,60.2,45.4,32.4,Drumstick,Harvest,14455,4376,62.13
31.9,76.1,60.2,12.0,Cauliflower,Harvest,13196,6788,61.11
32.7,71.3,44.4,23.2,Potato,Maturity,10852,6268,33.67
34.1,97.0,57.8,8.3,Onion,Nursery,5400,5861,22.86
36.3,59.1,39.6,3.4,Tomato,Vegetative,12158,8079,31.58
32.0,52.9,46.5,14.4,Potato,Tuber Bulking,6805,6169,26.33
33.6,71.6,49.1,19.3,Potato,Vegetative,7659,4980,28.35
31.9,50.8,36.7,8.8,Banana,Flowering,60624,44354,31.29
31.9,67.8,42.7,1.2,Bitter Gourd,Fruiting,15094,16159,37.11
30.9,78.5,41.2,22.0,Brinjal,Flowering,27025,14145,42.67
27.5,78.1,43.9,26.3,Drumstick,Vegetative,15635,8758,54.01
29.6,66.1,37.3,13.7,Coriander,Seed Maturity,2415,1669,150.44
30.3,92.0,49.7,22.0,Brinjal,Vegetative,13779,20475,29.79
32.2,85.8,52.0,16.2,Banana,Maturity,47943,54407,22.92
32.9,72.2,56.5,28.4,Drumstick,Harvest,16931,10083,64.09
25.1,64.6,42.0,13.2,Tomato,Maturity,32439,19776,36.85
34.1,72.4,47.1,27.7,Potato,Tuber Initiation,7730,2762,31.9
29.5,79.8,36.2,8.3,Coriander,Vegetative,1127,714,122.33
33.9,53.8,35.7,0.0,Chilli,Fruiting,5467,5319,44.48
32.1,65.9,50.5,21.8,Pumpkin,Flowering,15247,9976,22.51
30.1,71.1,48.3,24.8,Tapioca,Tuber Bulking,18179,16059,22.14
34.8,75.9,51.4,16.8,Bitter Gourd,Harvest,12318,12681,35.45
33.7,73.9,48.4,20.7,Bitter Gourd,Fruiting,15117,14501,47.99
26.1,74.5,38.7,10.6,Potato,Tuber Initiation,9802,3644,40.93
29.6,73.5,41.8,17.8,Tomato,Maturity,31694,21451,35.39
31.6,76.7,39.1,19.6,Pumpkin,Flowering,19349,17125,31.3
31.9,60.3,42.8,7.8,Coriander,Seed Maturity,1516,985,133.34
27.6,69.2,40.4,31.5,Onion,Bulb Enlargement,12797,16671,31.03
32.3,82.3,48.2,22.3,Coriander,Flowering,1538,1008,156.71
32.2,56.2,30.3,0.0,Banana,Maturity,47643,31645,43.57
32.3,59.3,44.7,0.1,Cauliflower,Curd Development,13454,11602,52.92
31.1,83.0,56.0,14.5,Drumstick,Flowering,15348,15454,50.88
33.7,61.4,37.7,0.0,Tapioca,Vegetative,12047,7153,21.55
33.3,87.1,50.4,24.8,Bitter Gourd,Flowering,12374,16251,32.19
31.1,58.4,36.2,16.5,Bitter Gourd,Harvest,16208,16419,35.61
36.1,80.8,42.3,0.0,Onion,Nursery,5400,2763,43.62
30.2,58.5,37.2,0.0,Chilli,Flowering,3600,3206,62.48
34.8,71.1,43.4,1.8,Tomato,Seedling,11400,5808,43.92
33.8,83.1,51.6,32.9,Cauliflower,Curd Initiation,10100,6808,39.23
33.9,79.0,34.8,14.1,Bitter Gourd,Flowering,11066,11202,54.36
31.4,60.3,45.4,28.6,Banana,Maturity,73160,43535,34.29
32.6,60.8,47.3,16.3,Banana,Bunch Development,52825,44742,32.61
28.1,63.2,38.6,18.2,Tomato,Vegetative,14839,10302,29.36
29.1,83.7,43.0,14.8,Bitter Gourd,Harvest,22319,7763,101.96
32.5,69.7,35.2,9.9,Brinjal,Harvest,37773,21828,63.42
34.8,77.1,54.9,29.7,Cauliflower,Harvest,15911,15926,36.33
26.4,58.1,38.5,0.0,Drumstick,Harvest,30793,19150,48.3
31.4,73.7,49.7,23.2,Banana,Vegetative,33283,17605,44.4
35.1,71.7,64.1,33.8,Tapioca,Maturity,18792,7628,28.51
30.2,74.6,53.9,18.2,Tomato,Seedling,11405,7247,39.33
35.5,65.6,46.3,23.7,Banana,Vegetative,38826,26235,31.93
33.0,83.4,51.5,38.1,Cauliflower,Curd Development,13506,14327,41.32
38.2,69.5,49.3,0.8,Banana,Maturity,60756,33129,38.94
32.4,73.3,36.3,13.6,Banana,Maturity,66624,47279,36.41
28.8,78.5,52.5,43.5,Onion,Maturity,10111,5939,32.4
30.4,70.3,47.1,22.8,Tomato,Flowering,21667,18158,41.14
32.6,90.3,65.0,20.7,Brinjal,Flowering,12600,7104,68.36
34.7,78.6,54.2,4.8,Chilli,Seedling,3600,2268,61.95
30.6,76.7,45.5,15.6,Brinjal,Flowering,17973,19008,41.65
31.2,73.1,52.4,1.8,Drumstick,Flowering,12692,8753,57.96
35.3,81.1,44.7,6.2,Banana,Maturity,62237,57612,28.26
33.8,64.1,40.1,9.5,Drumstick,Pod Development,18943,16900,52.97
34.5,77.5,37.9,15.6,Tapioca,Root Initiation,15397,15777,15.33
27.5,64.3,32.6,26.0,Banana,Bunch Development,56572,51665,27.74
27.7,76.3,50.4,0.2,Tomato,Vegetative,17244,9051,43.82
31.5,76.7,60.6,27.1,Bitter Gourd,Harvest,16528,15592,40.42
30.4,83.7,53.1,24.7,Bitter Gourd,Harvest,14168,8496,69.63
33.4,81.6,41.8,18.2,Onion,Bulb Development,6612,6411,36.35
32.5,57.6,48.0,0.0,Pumpkin,Fruit Development,17569,9480,25.99
33.6,90.7,51.0,27.7,Banana,Vegetative,31686,23519,25.27
33.3,81.5,42.4,6.9,Tapioca,Root Initiation,13051,9303,19.41
32.9,81.4,44.6,24.3,Onion,Vegetative,8675,4261,37.21
33.8,68.6,39.2,4.0,Drumstick,Vegetative,14607,7720,65.93
38.0,83.1,59.1,2.6,Onion,Nursery,5400,4034,30.95
27.5,69.9,59.4,14.8,Pumpkin,Vegetative,13679,6684,31.44
27.7,63.3,41.7,19.7,Brinjal,Flowering,24509,18129,47.71
31.1,71.6,40.8,14.6,Pumpkin,Vegetative,12144,12081,19.02
33.2,75.5,52.5,41.2,Banana,Maturity,53673,41389,27.46
35.6,66.4,49.5,34.3,Potato,Tuber Initiation,6656,3908,36.28
33.8,66.3,39.8,18.6,Tapioca,Vegetative,17224,13978,17.58
34.7,55.8,34.4,2.7,Cauliflower,Seedling,8400,4959,45.68
37.4,74.6,47.1,3.2,Cauliflower,Vegetative,8400,8658,32.33
29.7,72.0,57.3,16.8,Tapioca,Tuber Bulking,15418,8136,25.92
33.7,56.2,45.4,20.0,Chilli,Harvest,6160,3652,66.07
28.7,83.7,57.9,22.4,Potato,Vegetative,7191,3576,46.35
33.1,81.6,54.1,0.0,Brinjal,Seedling,12600,9593,58.49
34.6,74.7,46.8,12.5,Pumpkin,Flowering,15431,8908,31.56
33.7,83.4,58.8,30.5,Coriander,Flowering,1260,1188,131.94
32.2,85.8,53.1,23.0,Bitter Gourd,Fruiting,11413,5339,64.31
30.0,68.5,46.7,7.7,Brinjal,Flowering,20736,12571,73.82
29.0,57.9,39.6,10.5,Brinjal,Fruiting,33707,23150,44.41
31.9,80.6,52.3,10.7,Coriander,Seed Maturity,2177,2128,96.15
30.9,69.3,35.5,43.4,Onion,Vegetative,6904,3355,39.56
31.5,87.8,59.2,26.0,Chilli,Flowering,5704,4379,48.28
32.1,85.7,65.0,28.4,Chilli,Seedling,3600,2876,68.77
34.3,74.7,65.0,9.0,Potato,Tuber Bulking,10561,4553,41.36
28.9,75.5,43.3,31.3,Chilli,Harvest,12070,6258,55.04
28.1,53.8,44.5,6.1,Tapioca,Maturity,19790,16866,16.31
29.9,90.8,53.0,18.5,Banana,Vegetative,34883,28683,39.16
36.1,73.9,52.0,18.1,Brinjal,Harvest,18211,9978,46.83
37.7,81.2,43.0,0.6,Coriander,Flowering,1198,674,107.31
35.4,74.8,49.2,30.7,Bitter Gourd,Flowering,10496,5261,50.91
33.0,63.6,43.2,0.0,Potato,Vegetative,6198,3220,34.78
34.2,65.7,46.3,13.8,Cauliflower,Curd Initiation,14019,10449,31.92
32.2,70.5,39.6,31.3,Onion,Nursery,5400,5195,28.59
33.1,83.0,53.0,20.1,Tapioca,Root Initiation,14326,8300,22.23
26.4,71.9,46.4,0.0,Drumstick,Flowering,12591,7629,51.07
26.4,97.0,41.4,44.8,Tapioca,Vegetative,14048,10388,26.03
33.1,74.6,55.1,0.0,Coriander,Seed Maturity,2100,1471,128.32
34.1,59.6,25.1,13.5,Bitter Gourd,Vegetative,10002,6415,53.66
33.6,75.9,46.2,27.2,Coriander,Vegetative,1050,576,128.48
34.8,68.5,40.9,19.1,Coriander,Seed Maturity,1634,651,191.48
31.3,74.0,40.1,7.2,Bitter Gourd,Flowering,13781,13177,36.16
32.7,66.8,52.1,7.3,Bitter Gourd,Flowering,14395,10806,39.19
27.7,73.7,55.6,23.6,Onion,Maturity,16400,8730,58.48
35.1,83.6,61.1,12.7,Potato,Tuber Initiation,7192,3911,32.22
36.0,81.2,56.1,30.8,Drumstick,Vegetative,9196,5396,68.28
34.5,75.3,43.8,37.9,Onion,Nursery,5400,3703,33.04
37.3,67.0,48.8,22.2,Onion,Maturity,8175,3395,31.62
32.9,74.5,52.8,13.5,Bitter Gourd,Fruiting,13975,7042,68.21
29.1,63.1,57.0,1.3,Onion,Bulb Development,10141,4613,48.78
34.8,75.5,63.6,28.3,Pumpkin,Maturity,19180,27217,14.03
28.9,73.9,56.2,48.0,Bitter Gourd,Fruiting,11947,6032,65.61
34.6,90.8,42.7,6.2,Pumpkin,Flowering,14767,8186,19.7
34.7,67.3,27.1,30.5,Potato,Tuber Initiation,8948,5557,32.25
33.3,75.2,32.0,8.5,Brinjal,Seedling,12600,13202,35.89
28.4,61.2,41.2,0.0,Brinjal,Vegetative,14539,8162,39.46
34.4,87.9,45.7,0.0,Tomato,Seedling,11400,7662,43.81
28.5,75.8,44.7,12.1,Pumpkin,Maturity,33423,32842,27.39
33.2,75.7,41.5,9.0,Brinjal,Vegetative,12600,8122,43.24
31.6,57.6,50.8,9.9,Potato,Tuber Initiation,7469,6398,36.68
34.0,67.1,35.6,0.4,Banana,Bunch Development,38115,26916,33.19
34.1,78.3,33.0,35.2,Pumpkin,Fruit Development,22439,13058,22.09
33.5,64.5,46.1,0.0,Pumpkin,Maturity,11711,8777,25.84
32.6,91.0,55.4,24.4,Drumstick,Pod Development,13097,10333,56.36
27.1,75.3,57.5,18.5,Tomato,Fruiting,13927,8820,43.82
33.5,72.7,57.0,2.9,Cauliflower,Seedling,8400,4917,41.36
35.7,79.9,33.5,7.7,Chilli,Vegetative,3600,2246,56.04
34.7,56.4,40.2,0.0,Coriander,Vegetative,1050,829,110.99
37.0,80.3,37.9,24.2,Tomato,Maturity,26071,19218,35.57
34.4,70.5,53.2,20.9,Coriander,Seed Maturity,2930,3075,96.35
33.3,67.8,61.6,5.4,Coriander,Flowering,2016,1611,194.13
31.0,81.1,58.6,29.5,Tomato,Flowering,15569,7195,58.95
33.2,62.1,49.5,20.5,Tapioca,Maturity,12348,7664,22.09
31.1,66.9,47.7,0.0,Drumstick,Vegetative,8400,7142,59.53
34.6,72.4,41.6,27.4,Brinjal,Fruiting,31050,19865,56.12
28.7,64.3,37.8,0.0,Tapioca,Vegetative,10800,10865,18.28
33.5,73.7,46.0,30.9,Cauliflower,Curd Development,21248,13800,41.9
31.7,71.8,39.8,16.5,Brinjal,Fruiting,26944,19911,45.09
29.7,83.9,38.4,15.0,Chilli,Harvest,9555,8404,43.2
29.4,66.3,32.9,3.3,Onion,Nursery,5400,1955,39.12
28.8,72.9,54.4,29.4,Onion,Maturity,6521,1800,42.9
33.5,67.1,42.3,0.0,Banana,Maturity,62350,34021,53.06
30.5,65.2,31.2,13.1,Onion,Bulb Development,11162,4143,49.15
28.7,72.0,49.4,9.1,Drumstick,Harvest,16342,6971,75.76
33.5,74.0,47.5,32.3,Bitter Gourd,Vegetative,7947,3949,57.58
27.3,69.0,36.8,0.0,Onion,Bulb Enlargement,8174,2651,47.27
32.0,70.1,45.9,23.4,Chilli,Harvest,9896,4406,100.93
30.1,75.1,47.0,17.0,Tomato,Flowering,18071,10594,39.61
35.3,68.1,35.5,2.3,Coriander,Flowering,1440,738,138.1
34.6,77.0,51.7,15.9,Cauliflower,Vegetative,8400,9158,35.63
31.6,68.8,35.8,20.4,Coriander,Vegetative,1050,658,134.68
30.7,72.8,42.4,0.0,Tomato,Maturity,27517,27883,36.43
36.1,56.5,18.8,1.4,Coriander,Seed Maturity,2074,1179,149.79
34.5,83.1,46.7,9.2,Tapioca,Root Initiation,14281,7542,25.0
34.8,74.9,43.6,14.0,Potato,Maturity,11036,6265,29.34
30.4,74.2,43.5,37.8,Coriander,Vegetative,1206,1437,103.55
36.1,72.2,32.6,20.4,Brinjal,Vegetative,13042,11221,38.94
34.2,74.8,56.3,29.3,Drumstick,Harvest,15327,13505,34.51
33.8,66.7,43.3,8.3,Drumstick,Flowering,18668,6866,74.0
38.9,59.4,40.5,23.3,Potato,Tuber Bulking,11085,13796,21.23
32.8,79.0,49.4,18.4,Cauliflower,Seedling,8400,7568,42.47
28.8,77.9,54.3,28.5,Cauliflower,Vegetative,10774,7044,47.56
34.4,77.0,56.1,23.8,Potato,Tuber Bulking,12904,14859,23.8
31.2,69.0,55.6,21.7,Drumstick,Vegetative,8647,6057,68.06
28.9,77.2,45.8,41.9,Cauliflower,Curd Development,30135,40301,23.82
32.1,47.3,34.7,0.0,Tapioca,Maturity,26614,17247,17.19
37.6,76.5,50.6,34.7,Onion,Bulb Enlargement,8295,6805,46.52
28.9,70.2,38.5,20.2,Onion,Bulb Development,8690,5272,39.57
29.7,97.0,49.9,37.3,Banana,Flowering,36207,12674,48.06
29.3,70.6,51.9,20.5,Potato,Tuber Initiation,7458,6857,26.19
37.6,89.9,56.4,13.6,Bitter Gourd,Fruiting,15662,11938,52.83
33.0,61.6,39.1,20.1,Tapioca,Root Initiation,16056,13541,18.6
31.1,62.8,41.0,11.9,Pumpkin,Vegetative,11643,4374,29.07
35.0,69.7,30.7,13.0,Brinjal,Flowering,14193,6180,45.19
33.1,89.4,47.1,17.0,Tomato,Fruiting,13026,12994,42.51
35.4,85.6,51.2,24.3,Pumpkin,Flowering,18262,16186,24.33
34.4,73.3,46.6,8.8,Coriander,Vegetative,1382,875,130.2
30.3,69.3,39.7,0.0,Pumpkin,Fruit Development,20113,13330,25.78
32.0,75.3,47.1,25.3,Cauliflower,Harvest,15255,5563,54.88
29.4,63.5,47.3,6.4,Brinjal,Vegetative,12600,7239,50.0
32.2,59.9,42.7,26.3,Tomato,Seedling,11400,6740,34.0
35.9,79.3,51.3,12.8,Tomato,Vegetative,11416,6270,37.68
29.6,69.5,37.7,21.2,Banana,Vegetative,37126,32485,32.76
31.5,79.3,62.7,43.4,Brinjal,Fruiting,22463,11446,54.4
32.2,64.8,50.3,24.4,Brinjal,Harvest,31713,30970,49.95
30.1,73.5,40.9,2.2,Banana,Vegetative,36873,33137,26.36
34.4,78.4,52.1,26.4,Pumpkin,Vegetative,10744,13713,16.46
29.5,75.6,51.9,49.3,Brinjal,Harvest,32286,24316,54.75
34.0,77.6,47.8,23.3,Cauliflower,Curd Development,13806,8419,40.67
34.4,73.5,32.7,15.3,Banana,Vegetative,36358,18814,33.61
31.6,90.8,53.4,27.5,Chilli,Fruiting,8418,5126,82.21
31.1,71.5,65.0,21.7,Cauliflower,Vegetative,8400,7952,33.97
31.8,62.8,38.1,12.0,Pumpkin,Vegetative,14039,10430,27.96
31.2,85.5,42.4,31.4,Coriander,Leaf Expansion,1058,820,123.34
27.8,69.8,41.1,14.0,Potato,Tuber Bulking,11003,10734,25.53
29.5,58.8,40.6,23.4,Bitter Gourd,Vegetative,7200,7280,40.94
28.4,55.1,52.6,0.0,Chilli,Seedling,3600,3553,63.67
31.2,69.6,50.0,0.0,Tomato,Maturity,27085,19475,44.04
30.2,66.8,45.7,0.0,Tapioca,Maturity,40945,34172,23.12
36.0,60.2,30.0,7.3,Pumpkin,Vegetative,13262,13643,22.34
25.7,72.1,53.3,7.3,Onion,Nursery,5400,3623,43.8
31.0,73.1,52.2,7.8,Banana,Flowering,33114,11708,47.98
33.2,62.7,41.3,18.3,Pumpkin,Flowering,12320,7739,23.1
32.8,54.6,41.3,6.6,Coriander,Seed Maturity,2448,1583,157.26
32.5,73.6,53.2,13.3,Potato,Tuber Initiation,8827,5582,35.41
29.1,68.5,27.3,21.4,Tomato,Fruiting,21647,11899,37.58
30.1,74.1,64.8,1.0,Banana,Maturity,53830,48760,42.16
34.1,80.4,49.5,22.4,Coriander,Flowering,1050,698,133.0
34.4,62.8,40.0,18.4,Bitter Gourd,Harvest,19825,12142,56.61
29.1,75.5,42.9,6.5,Bitter Gourd,Fruiting,16770,9553,44.44
32.4,71.4,48.6,3.8,Chilli,Harvest,5292,3162,69.68
31.6,67.9,45.0,25.0,Banana,Vegetative,37610,31798,40.07
28.8,65.0,36.8,0.0,Chilli,Fruiting,6640,3812,54.89
31.3,55.2,45.9,13.2,Tapioca,Root Initiation,21976,24417,17.96
36.3,77.6,38.4,52.6,Tomato,Flowering,21822,30391,29.5
34.0,67.6,52.0,41.9,Coriander,Seed Maturity,3340,3895,67.36
33.1,60.6,27.3,27.5,Coriander,Vegetative,1050,660,120.09
35.1,78.3,38.3,10.9,Bitter Gourd,Flowering,16241,7409,42.29
30.1,58.8,49.2,20.9,Chilli,Flowering,5722,4187,78.19
31.1,71.2,51.2,0.0,Onion,Maturity,6256,2805,49.79
31.2,72.1,33.2,16.1,Onion,Bulb Development,12192,12736,35.53
23.2,63.6,41.7,21.9,Cauliflower,Curd Development,22298,14816,39.9
33.4,73.1,42.0,28.1,Cauliflower,Vegetative,10745,9281,36.05
35.3,79.2,43.8,18.6,Chilli,Flowering,4683,3535,57.92
30.3,65.7,44.3,9.0,Coriander,Leaf Expansion,1590,1264,127.93
38.6,71.2,48.4,14.8,Onion,Bulb Enlargement,10685,10741,30.39
30.0,68.6,59.2,16.3,Tapioca,Maturity,18111,12984,21.88
36.0,80.2,39.6,7.6,Tapioca,Maturity,21808,21993,15.53
30.3,69.5,40.5,20.9,Coriander,Vegetative,1267,1558,135.95
28.5,69.8,42.6,8.2,Tomato,Fruiting,23705,12890,46.2
33.7,72.1,34.5,0.0,Banana,Vegetative,27000,20076,38.78
31.7,56.3,42.0,14.7,Onion,Vegetative,7380,8456,30.4
29.1,61.7,34.9,1.5,Onion,Nursery,5400,3346,38.83
31.3,78.8,52.9,27.4,Drumstick,Pod Development,14904,15961,47.78
31.8,64.9,50.7,5.2,Tapioca,Vegetative,10800,6343,30.65
32.0,65.9,42.5,13.6,Brinjal,Fruiting,27404,12384,53.86
33.5,62.1,42.3,10.4,Cauliflower,Harvest,19706,23719,38.59
35.1,57.8,30.2,18.6,Onion,Bulb Enlargement,10001,8575,34.55
32.4,69.0,29.6,12.5,Tomato,Fruiting,25742,9387,50.57
31.3,81.4,65.0,54.7,Brinjal,Vegetative,14713,14882,32.19
33.0,71.4,47.9,0.0,Cauliflower,Vegetative,9248,7117,30.78
30.9,88.0,53.4,19.5,Potato,Tuber Initiation,7799,3738,33.17
31.9,82.8,50.6,22.4,Chilli,Harvest,5355,2034,91.39
32.4,75.9,36.5,8.4,Coriander,Flowering,1375,888,131.19
32.1,61.5,55.6,20.2,Chilli,Fruiting,7800,4547,92.74
33.5,80.4,47.7,7.7,Tomato,Seedling,11400,6454,33.57
32.8,72.2,47.1,13.3,Brinjal,Seedling,12600,10048,31.71
33.2,54.4,38.4,1.4,Onion,Nursery,5400,4721,35.37
30.2,68.6,47.6,12.9,Tomato,Fruiting,22498,6680,46.04
29.5,70.6,46.3,12.5,Onion,Maturity,14928,8304,36.37
32.3,82.5,49.7,6.5,Tapioca,Root Initiation,10805,6911,21.63
36.9,71.3,51.8,4.4,Tomato,Vegetative,12316,9490,33.49
27.4,59.9,45.0,0.0,Bitter Gourd,Flowering,14520,9109,56.94
29.8,69.3,54.0,9.1,Banana,Flowering,31990,15569,51.06
34.5,53.5,37.1,0.0,Cauliflower,Seedling,8400,4397,45.0
35.3,83.0,50.0,26.5,Onion,Vegetative,8815,6840,38.54
31.1,66.3,55.8,6.7,Coriander,Vegetative,1050,546,156.82
28.9,80.0,53.8,30.3,Tapioca,Maturity,21945,13627,18.82
31.2,76.7,39.9,4.6,Coriander,Leaf Expansion,1708,1037,134.54
29.2,64.2,45.5,28.5,Bitter Gourd,Fruiting,19636,23542,42.0
30.5,53.9,42.2,6.6,Pumpkin,Vegetative,11060,6226,27.26
33.0,88.3,50.9,10.0,Cauliflower,Curd Development,11020,4507,40.59
33.0,83.2,53.8,46.8,Cauliflower,Vegetative,8567,4702,41.97
29.5,76.0,42.8,42.5,Banana,Bunch Development,70830,63362,31.32
32.2,84.4,40.5,4.7,Banana,Maturity,83695,44467,27.31
36.9,71.2,36.7,0.0,Tapioca,Maturity,21390,11274,25.17
30.0,67.7,52.1,7.7,Cauliflower,Harvest,14498,11364,38.96
29.2,74.1,39.5,28.6,Chilli,Vegetative,3972,4302,62.19
31.5,72.5,45.1,29.9,Banana,Flowering,44015,41443,28.15
30.9,78.4,64.5,5.9,Coriander,Flowering,1552,1442,101.04
32.8,62.2,35.6,27.6,Onion,Nursery,5400,4824,31.48
34.5,72.4,42.0,7.2,Chilli,Seedling,3600,1669,65.68
34.7,57.7,23.9,0.0,Pumpkin,Vegetative,9600,11530,14.7
28.6,60.3,48.4,4.2,Tapioca,Maturity,17907,9306,26.51
30.5,77.2,58.0,15.4,Bitter Gourd,Flowering,9140,9168,49.1
33.5,70.3,47.3,20.0,Cauliflower,Vegetative,8400,4614,46.37
36.3,71.1,28.0,29.5,Potato,Vegetative,5700,4181,25.83
28.9,82.7,49.4,6.8,Onion,Vegetative,7175,3542,40.08
31.9,71.9,42.7,27.9,Bitter Gourd,Vegetative,9569,8077,47.71
36.1,84.8,47.9,3.4,Tapioca,Root Initiation,10800,5550,24.41
30.7,72.3,44.2,3.6,Pumpkin,Maturity,16965,11903,22.98
30.4,64.1,50.5,12.4,Chilli,Flowering,4510,1483,81.89
31.0,93.1,52.7,20.9,Onion,Bulb Development,9002,8068,31.17
29.8,82.1,56.6,21.7,Tomato,Fruiting,13825,16854,30.58
31.6,71.5,36.8,21.1,Potato,Tuber Initiation,5700,5673,32.05
31.7,68.9,46.7,6.2,Coriander,Flowering,1815,1776,119.7
34.1,63.4,47.4,20.5,Banana,Maturity,76227,58591,24.3
34.1,77.5,48.1,17.2,Brinjal,Fruiting,13154,12006,40.23
34.5,57.4,30.3,18.7,Pumpkin,Maturity,18568,7753,23.41
32.3,60.6,40.8,5.5,Cauliflower,Seedling,8400,7664,39.59
35.3,78.4,42.8,18.2,Chilli,Harvest,7258,3795,72.21
31.3,70.4,39.3,0.0,Brinjal,Seedling,12600,5116,64.78
32.1,68.9,58.0,23.6,Banana,Bunch Development,46753,29358,30.77
33.1,70.9,44.6,17.4,Coriander,Seed Maturity,1073,769,118.52
27.2,84.5,65.0,9.9,Drumstick,Flowering,8400,6524,49.27
30.5,67.0,46.3,11.8,Tomato,Vegetative,11515,7386,45.14
32.1,66.7,30.3,7.2,Coriander,Leaf Expansion,2404,1300,171.53
29.5,67.9,43.9,8.1,Tapioca,Tuber Bulking,14381,5315,24.76
30.9,75.6,36.5,25.0,Banana,Flowering,51824,61336,34.91
27.1,66.8,49.9,0.0,Banana,Maturity,43188,30907,29.94
32.6,79.1,33.3,4.2,Tapioca,Root Initiation,20828,16022,20.16
29.6,80.9,64.3,41.5,Banana,Bunch Development,28734,22601,29.77
31.1,75.7,41.9,27.4,Pumpkin,Maturity,22825,10185,32.6
32.6,59.5,51.7,26.4,Brinjal,Fruiting,27600,23162,33.01
30.0,85.9,48.4,14.1,Potato,Maturity,9927,12076,29.42
28.2,75.7,38.7,7.9,Bitter Gourd,Harvest,19407,14736,60.75
26.9,62.1,48.3,23.7,Brinjal,Flowering,23073,14307,45.64
29.4,67.6,54.7,12.5,Cauliflower,Harvest,16135,25428,22.34
30.3,65.2,36.8,0.0,Tapioca,Vegetative,22243,14190,25.43
28.3,89.9,42.1,36.2,Brinjal,Flowering,25534,14976,65.51
29.4,81.6,38.8,23.9,Coriander,Seed Maturity,2458,1339,140.35
33.1,65.6,50.2,0.0,Banana,Bunch Development,44876,30044,26.75
27.3,72.4,60.8,21.6,Brinjal,Seedling,12600,6122,59.73
27.8,56.0,50.8,0.0,Cauliflower,Harvest,16442,6964,38.16
30.6,66.3,39.9,54.4,Tapioca,Root Initiation,12809,4705,29.14
31.9,71.0,50.9,30.4,Brinjal,Seedling,13036,10217,45.32
33.6,57.8,41.3,0.0,Coriander,Flowering,1316,857,149.24
34.2,81.8,64.8,30.1,Chilli,Vegetative,3600,2111,74.19
30.0,58.2,33.5,48.3,Potato,Maturity,14007,9042,26.51
32.5,73.1,54.9,29.9,Bitter Gourd,Vegetative,10590,6052,67.64
30.4,70.9,43.4,5.2,Onion,Bulb Enlargement,11260,10162,32.52
28.7,92.1,54.7,26.2,Onion,Bulb Enlargement,8289,2910,35.96
33.0,72.4,48.3,4.7,Brinjal,Flowering,17865,19576,39.72
32.6,71.8,51.2,18.4,Bitter Gourd,Flowering,17007,15986,50.86
30.0,59.2,39.4,8.5,Banana,Bunch Development,62435,27294,49.04
32.4,71.8,52.3,34.6,Onion,Maturity,11707,15590,25.1
34.3,71.0,51.6,26.8,Chilli,Vegetative,3600,3364,52.7
30.0,55.0,50.5,0.0,Tomato,Fruiting,24635,11669,52.46
29.8,86.2,61.7,8.7,Tomato,Vegetative,11400,11039,35.15
30.1,63.3,36.5,9.4,Tomato,Fruiting,22015,14882,44.53
30.6,97.0,50.2,32.7,Potato,Tuber Bulking,10206,6001,32.5
36.8,59.0,49.3,9.0,Pumpkin,Flowering,15187,5753,33.67
35.8,60.9,40.9,9.9,Cauliflower,Seedling,8400,8041,31.94
29.5,78.1,35.6,24.6,Brinjal,Harvest,30975,18041,36.23
30.9,65.3,40.9,10.0,Onion,Maturity,7710,4146,41.89
39.3,56.9,25.4,0.0,Brinjal,Fruiting,15011,13433,34.19
29.3,82.2,59.6,9.4,Banana,Bunch Development,55614,30166,42.27
29.9,73.7,44.6,9.9,Banana,Flowering,50598,42649,26.39
31.1,65.2,37.4,22.8,Chilli,Seedling,4030,1941,57.88
31.7,89.0,65.0,30.4,Onion,Bulb Enlargement,8553,4409,39.79
34.1,77.0,55.3,0.0,Chilli,Flowering,3922,2709,80.96
27.5,81.6,64.1,20.9,Tapioca,Maturity,17054,7349,23.47
32.2,72.3,48.4,7.0,Tapioca,Vegetative,11773,6203,25.29
28.7,57.2,34.1,2.7,Tapioca,Tuber Bulking,30107,30024,17.74
26.8,66.3,47.1,3.1,Onion,Vegetative,9068,4259,60.49
33.0,62.0,32.2,7.8,Chilli,Seedling,3600,1832,90.33
30.0,64.5,46.0,11.1,Onion,Bulb Enlargement,5554,2529,40.91
32.8,74.1,54.4,0.0,Potato,Vegetative,6140,3453,35.31
32.2,85.6,49.0,31.6,Brinjal,Flowering,20486,10330,42.57
34.4,73.4,31.0,3.1,Coriander,Flowering,1330,853,157.41
29.9,76.6,55.8,29.9,Potato,Maturity,8407,5744,39.6
37.1,96.7,58.7,0.0,Chilli,Vegetative,4498,2796,56.5
33.7,72.3,41.5,3.2,Coriander,Vegetative,1886,1375,116.35
35.7,69.7,52.5,6.5,Banana,Maturity,55823,21452,31.88
34.4,75.7,41.1,7.9,Potato,Vegetative,6336,2320,38.78
31.9,76.5,33.2,25.6,Brinjal,Seedling,13000,11174,38.75
34.5,85.6,44.5,32.1,Bitter Gourd,Harvest,17448,17379,54.29
31.6,59.9,49.3,15.9,Onion,Maturity,12888,8016,40.11
37.7,77.5,46.9,21.6,Potato,Tuber Initiation,8985,5065,33.53
29.0,59.9,39.1,8.3,Tomato,Fruiting,27465,10997,46.61
26.7,70.2,51.4,11.2,Onion,Vegetative,5400,4958,31.04
29.0,60.6,50.3,5.7,Coriander,Vegetative,1050,350,184.12
34.0,78.6,57.2,11.7,Pumpkin,Vegetative,9600,5944,19.9
35.7,89.5,51.8,18.2,Drumstick,Flowering,15690,8037,69.56
30.0,87.9,61.5,36.3,Pumpkin,Vegetative,12238,11603,18.14
36.7,67.7,36.6,0.0,Drumstick,Harvest,18196,20807,37.89
36.1,77.3,40.0,13.5,Pumpkin,Fruit Development,21736,15392,24.39
37.3,82.2,44.8,13.5,Drumstick,Pod Development,19740,19623,42.47
30.9,80.3,51.0,23.0,Cauliflower,Curd Initiation,11222,5929,35.62
29.2,55.7,40.7,8.4,Banana,Vegetative,39799,24183,26.93
30.6,86.1,56.4,33.5,Banana,Maturity,46447,50485,37.63
37.4,78.7,52.2,14.6,Potato,Maturity,13401,7954,35.35
30.9,69.8,44.8,0.0,Onion,Bulb Enlargement,9304,7833,29.86
34.3,69.5,33.5,8.0,Pumpkin,Flowering,20346,17575,20.01
31.0,77.2,64.1,17.3,Tapioca,Vegetative,11276,10075,20.8
30.2,67.6,38.9,8.7,Pumpkin,Maturity,24148,24469,26.2
30.1,66.5,55.4,21.5,Potato,Tuber Initiation,8299,3579,37.8
30.0,81.2,44.0,0.0,Chilli,Harvest,12943,5309,73.6
35.0,68.0,33.0,9.5,Cauliflower,Seedling,8400,7967,29.7
33.2,65.4,52.4,15.4,Onion,Bulb Enlargement,9808,8226,30.88
29.4,67.8,49.0,2.0,Bitter Gourd,Vegetative,7200,5470,42.22
32.8,75.4,48.5,19.8,Potato,Tuber Bulking,10125,9518,37.19
33.6,69.3,41.6,6.5,Potato,Vegetative,6028,5705,27.67
29.9,79.0,39.5,24.3,Onion,Nursery,5400,2266,44.56
34.2,72.0,47.2,13.7,Onion,Maturity,8605,5664,32.72
32.7,91.3,51.7,20.5,Chilli,Vegetative,5300,2981,75.58
31.5,77.7,48.6,14.3,Drumstick,Vegetative,11569,12301,34.73
33.9,74.2,49.2,9.7,Brinjal,Seedling,12600,5258,70.16
31.1,81.6,47.9,0.0,Cauliflower,Seedling,8400,5693,44.89
34.4,63.3,47.1,19.9,Cauliflower,Seedling,8400,6369,34.39
35.0,74.9,28.4,25.0,Banana,Flowering,44354,46877,27.88
34.4,71.2,40.2,14.4,Chilli,Vegetative,3611,1187,86.83
35.9,80.9,46.5,41.5,Potato,Tuber Initiation,5700,6167,20.27
36.0,58.7,46.9,0.0,Bitter Gourd,Fruiting,14754,18263,48.05
30.7,63.3,44.6,4.9,Bitter Gourd,Vegetative,8628,6744,44.4
34.7,80.8,65.0,0.0,Drumstick,Flowering,11800,11675,42.59
27.8,70.7,46.3,35.8,Tomato,Seedling,11400,8096,34.08
34.3,62.8,41.6,20.2,Tomato,Seedling,12448,6207,42.17
33.8,72.8,40.7,20.2,Potato,Tuber Initiation,5700,5636,27.59
35.3,72.9,42.8,14.3,Bitter Gourd,Fruiting,13207,19747,28.8
28.4,85.3,37.6,6.3,Tapioca,Maturity,38967,11108,23.8
30.9,84.5,60.3,21.7,Tomato,Seedling,13493,8766,53.04
37.4,72.1,54.3,12.7,Potato,Tuber Bulking,9989,6915,31.11
34.8,83.6,37.3,0.0,Banana,Flowering,42001,23805,41.77
31.3,53.6,33.8,8.8,Cauliflower,Vegetative,9005,4209,48.95
29.8,68.0,36.9,0.0,Drumstick,Harvest,20605,16031,57.82
32.6,80.8,50.0,0.0,Brinjal,Vegetative,12654,8593,51.38
28.8,67.1,58.3,18.0,Tomato,Flowering,16451,8553,48.6
32.9,82.4,53.2,15.3,Coriander,Leaf Expansion,1222,581,172.0
33.6,77.9,53.5,0.0,Tomato,Seedling,11400,9841,35.84
30.9,55.2,55.7,0.0,Pumpkin,Fruit Development,9600,4318,34.69
32.3,59.8,28.7,0.0,Drumstick,Flowering,14775,13434,47.89
35.6,93.3,55.9,27.6,Banana,Flowering,44196,43046,25.46
31.8,57.9,33.9,0.0,Coriander,Vegetative,1087,341,188.04
28.1,64.6,42.8,10.4,Tapioca,Tuber Bulking,29625,19282,24.31
33.2,71.1,45.1,0.0,Potato,Vegetative,8273,5283,32.76
28.3,91.0,53.8,19.0,Coriander,Vegetative,1050,378,139.85
30.5,52.7,46.8,17.9,Coriander,Vegetative,1456,787,151.79
27.0,70.2,41.6,34.5,Brinjal,Harvest,29796,20553,70.64
32.0,88.0,43.2,35.9,Chilli,Seedling,3600,3054,50.32
28.8,78.8,52.7,36.7,Bitter Gourd,Harvest,12843,9257,33.72
34.4,49.6,25.0,12.3,Tomato,Fruiting,12924,10192,37.13
35.8,59.9,39.9,5.2,Brinjal,Harvest,23240,16096,42.75
31.7,84.7,63.8,42.8,Tomato,Flowering,12973,6439,39.25
33.1,71.5,42.3,25.8,Pumpkin,Fruit Development,23582,21233,28.75
33.9,78.9,48.7,18.8,Brinjal,Vegetative,12600,8626,68.05
28.6,69.0,31.2,16.1,Cauliflower,Vegetative,9571,3103,63.28
33.4,72.3,46.3,18.8,Brinjal,Seedling,12600,15378,42.07
31.1,67.4,43.1,28.5,Tomato,Seedling,11400,6092,47.18
38.3,89.3,57.5,19.6,Coriander,Vegetative,1076,1078,88.4
34.7,86.0,54.2,39.3,Bitter Gourd,Harvest,18247,7045,72.43
32.5,81.0,56.9,1.7,Brinjal,Harvest,28871,30171,31.28
26.9,75.8,41.8,26.4,Onion,Nursery,5400,6231,31.86
29.6,84.2,40.2,43.3,Bitter Gourd,Fruiting,18792,18231,54.6
31.5,83.4,50.9,38.9,Pumpkin,Fruit Development,19971,15281,34.79
29.0,81.0,36.8,18.7,Tapioca,Tuber Bulking,23335,14114,23.2
31.5,79.2,42.4,24.3,Onion,Maturity,12921,10030,31.6
30.7,72.2,63.0,39.3,Chilli,Harvest,5643,3361,91.69
33.4,83.4,38.9,7.6,Tapioca,Tuber Bulking,25450,19869,16.35
32.4,72.3,39.4,45.3,Drumstick,Vegetative,16345,8763,53.47
28.6,80.7,47.6,28.8,Pumpkin,Fruit Development,17468,9203,25.0
37.3,66.8,41.6,22.3,Chilli,Seedling,3600,2631,73.37
32.2,85.1,65.0,23.7,Coriander,Leaf Expansion,1215,705,185.61
29.5,68.0,60.3,16.6,Brinjal,Harvest,25948,18881,38.62
29.5,78.0,43.3,24.3,Cauliflower,Vegetative,8400,6991,33.48
31.4,77.7,30.9,21.3,Banana,Maturity,52459,53671,38.61
36.4,67.1,31.0,0.6,Chilli,Fruiting,6538,6807,54.1
34.0,72.4,34.4,9.2,Drumstick,Harvest,22321,10990,70.01
29.7,90.4,62.9,15.8,Coriander,Vegetative,1232,776,163.68
34.8,69.8,36.2,0.0,Tomato,Flowering,13724,10578,32.9
26.2,65.3,57.8,17.8,Tapioca,Tuber Bulking,38689,35688,18.9
34.5,80.3,50.2,4.6,Drumstick,Harvest,13447,10067,58.65
35.8,88.7,55.8,4.7,Bitter Gourd,Fruiting,12154,12292,49.7
33.3,75.7,62.0,38.5,Brinjal,Vegetative,12600,10412,46.0
32.6,90.2,61.7,13.0,Chilli,Harvest,6821,4080,94.78
34.1,78.0,41.1,0.0,Drumstick,Flowering,8400,7920,60.69
33.3,63.4,61.3,25.2,Potato,Vegetative,7262,5564,36.12
26.8,62.0,46.0,8.9,Tomato,Fruiting,22462,7644,39.25
32.2,63.3,61.4,27.2,Onion,Bulb Development,7507,3897,39.12
31.2,65.5,56.9,4.8,Brinjal,Vegetative,13978,11454,48.78
33.0,77.8,47.2,22.6,Onion,Maturity,11965,15847,31.59
31.4,63.6,34.7,20.0,Tomato,Vegetative,14866,8041,49.62
30.7,60.9,39.6,12.4,Pumpkin,Vegetative,19683,10809,21.18
32.3,84.1,47.6,8.9,Brinjal,Vegetative,20010,16834,41.87
31.6,77.9,52.1,7.4,Potato,Vegetative,5700,3222,39.03
32.4,77.9,59.5,29.5,Chilli,Seedling,3600,2422,98.26
28.3,76.2,48.9,20.1,Cauliflower,Curd Development,14748,8473,63.12
33.2,71.1,41.8,2.4,Pumpkin,Vegetative,10827,7205,23.35
31.5,71.4,50.1,33.1,Tomato,Fruiting,16084,9726,51.18
34.9,70.8,34.4,15.8,Bitter Gourd,Flowering,15493,10303,49.26
34.4,68.8,42.6,16.4,Coriander,Flowering,1841,1933,78.97
34.3,70.4,46.8,13.9,Bitter Gourd,Fruiting,11642,7518,47.65
33.9,78.8,46.2,19.0,Brinjal,Harvest,21874,20177,31.59
35.0,71.8,49.3,24.9,Cauliflower,Curd Development,11015,9282,37.46
31.6,72.0,59.9,35.5,Chilli,Fruiting,6568,2637,80.75
36.3,71.9,33.8,30.9,Potato,Maturity,9394,9498,26.23
35.6,68.7,41.4,38.8,Tapioca,Vegetative,11142,12410,17.77
34.5,77.6,58.9,12.7,Potato,Maturity,11573,5770,42.88
34.7,79.3,45.5,6.0,Tapioca,Tuber Bulking,30734,17295,20.18
27.1,64.3,43.8,0.0,Bitter Gourd,Harvest,13734,6532,67.46
32.0,69.5,40.8,6.5,Banana,Vegetative,31542,15441,31.96
32.9,48.8,25.4,33.4,Cauliflower,Harvest,15210,13742,58.54
32.3,66.1,42.0,28.7,Tapioca,Maturity,18040,13875,21.54
31.3,61.0,63.4,28.4,Pumpkin,Maturity,23107,20191,18.91
36.5,67.6,30.1,0.0,Brinjal,Vegetative,15706,17927,29.96
29.8,75.9,56.9,10.7,Onion,Bulb Development,5847,5861,26.86
32.2,80.8,54.8,19.5,Tomato,Vegetative,11400,7691,34.79
34.6,75.5,36.3,19.1,Coriander,Seed Maturity,1299,989,144.76
29.4,79.0,41.3,26.8,Tapioca,Vegetative,14028,11694,19.19
29.3,73.5,46.1,36.7,Chilli,Fruiting,7942,4973,100.22
31.8,73.4,37.0,21.4,Banana,Flowering,67098,86153,28.71
34.7,82.1,45.4,23.2,Banana,Vegetative,27000,10570,38.17
31.4,63.8,41.5,18.0,Potato,Vegetative,6743,2988,41.78
34.1,65.2,40.6,29.1,Chilli,Seedling,3600,2446,66.94
33.9,83.2,38.1,27.7,Bitter Gourd,Vegetative,7458,2899,50.16
30.8,77.4,47.8,8.2,Bitter Gourd,Vegetative,7606,5656,55.52
32.7,73.4,51.1,31.0,Pumpkin,Flowering,18249,14650,29.4
29.3,73.2,45.0,1.9,Banana,Vegetative,41241,39829,30.17
37.2,77.0,46.5,14.9,Drumstick,Vegetative,9304,5650,56.78
35.5,68.2,34.9,12.2,Brinjal,Seedling,19715,12037,47.66
31.3,65.5,44.1,4.4,Onion,Maturity,8987,7837,36.31
35.7,78.8,44.7,21.2,Banana,Flowering,35739,21913,30.58
27.9,75.9,48.3,25.9,Onion,Vegetative,5420,2957,39.2
36.2,76.5,43.1,44.5,Cauliflower,Curd Development,15923,12795,33.57
33.6,77.0,40.1,0.2,Tomato,Vegetative,11702,8883,31.26
32.6,81.3,65.0,25.9,Potato,Tuber Bulking,9703,5576,36.03
30.6,68.5,25.9,2.2,Brinjal,Flowering,17441,14162,41.27
29.0,56.2,58.2,4.1,Pumpkin,Flowering,13462,9846,30.57
31.0,75.3,43.1,0.0,Cauliflower,Vegetative,8400,5256,42.98
34.1,81.4,45.5,10.6,Tapioca,Vegetative,14259,11127,17.98
29.6,75.3,48.3,24.4,Bitter Gourd,Fruiting,13980,14928,33.5
31.1,66.2,35.1,36.6,Tomato,Fruiting,22660,19880,42.47
35.7,68.1,30.3,30.3,Drumstick,Vegetative,8400,4424,52.27
31.9,70.6,49.2,23.6,Brinjal,Fruiting,18486,12104,62.38
31.2,56.6,43.1,3.6,Tapioca,Root Initiation,17516,7385,24.0
26.0,65.8,52.5,19.8,Drumstick,Vegetative,11164,5199,85.08
32.4,63.2,38.3,32.0,Coriander,Seed Maturity,1798,1516,110.12
32.7,81.2,54.8,28.1,Cauliflower,Harvest,15360,13205,42.85
31.1,76.4,53.6,27.8,Coriander,Seed Maturity,2211,1328,129.88
29.6,59.1,50.4,2.8,Potato,Tuber Initiation,6191,3604,27.82
33.9,72.9,41.1,0.0,Bitter Gourd,Vegetative,9686,7845,40.83
32.1,91.2,50.0,41.4,Brinjal,Fruiting,17393,9204,53.0
29.6,67.0,49.9,18.7,Brinjal,Seedling,16261,8196,59.0
30.5,69.9,49.2,7.7,Onion,Bulb Development,5400,3825,35.21
33.9,74.7,54.1,14.3,Pumpkin,Maturity,15388,12351,25.06
28.6,57.6,43.1,18.5,Cauliflower,Curd Initiation,16414,8839,39.02
35.6,65.6,41.8,27.5,Cauliflower,Curd Initiation,12869,15677,20.56
34.4,75.9,43.9,30.0,Bitter Gourd,Flowering,14404,11094,36.34
36.0,54.9,42.7,21.7,Drumstick,Harvest,18393,14784,40.61
27.5,79.8,41.0,9.0,Drumstick,Vegetative,8400,3666,63.87
33.7,59.0,38.2,11.0,Onion,Nursery,5400,5310,31.24
26.0,69.1,46.4,21.0,Cauliflower,Curd Development,13738,13762,47.88
38.5,67.5,36.9,10.2,Tomato,Fruiting,18230,9235,34.15
30.6,54.4,52.3,13.9,Banana,Flowering,49424,51967,33.92
28.5,67.2,49.7,0.0,Onion,Maturity,7660,4015,28.28
35.4,88.3,53.2,26.5,Cauliflower,Curd Development,8400,5814,33.38
29.6,62.9,54.2,0.0,Chilli,Flowering,5091,4942,72.51
28.8,79.0,54.9,12.3,Chilli,Harvest,6501,5567,69.29
31.6,70.0,32.8,13.9,Coriander,Flowering,2120,2575,133.76
34.6,65.7,44.2,10.1,Brinjal,Seedling,12600,6899,48.5
31.5,75.7,41.4,27.1,Onion,Nursery,5400,2457,43.73
30.9,61.3,47.5,17.7,Onion,Bulb Development,7010,5242,39.19
30.2,88.7,51.9,9.9,Brinjal,Seedling,12600,10111,42.04
29.5,66.6,43.0,0.0,Coriander,Leaf Expansion,1828,1135,170.9
28.9,79.9,35.7,0.0,Drumstick,Flowering,23986,21256,78.88
31.7,67.8,52.6,32.1,Coriander,Flowering,1454,1188,111.29
33.2,69.3,51.1,17.7,Coriander,Seed Maturity,1658,422,160.35
32.6,55.6,29.4,5.1,Drumstick,Harvest,25289,11741,56.79
30.8,74.0,40.7,0.0,Tapioca,Root Initiation,11235,7391,23.04
35.6,54.0,32.9,14.1,Banana,Flowering,48283,32521,33.1
30.5,78.5,48.5,18.0,Cauliflower,Seedling,8400,9116,31.74
33.5,69.2,41.9,0.0,Brinjal,Flowering,21904,10362,51.67
32.9,55.8,43.9,0.0,Cauliflower,Harvest,15774,12327,40.01
30.4,73.3,55.7,19.2,Banana,Vegetative,32625,28216,26.65
34.0,75.1,59.4,0.0,Banana,Maturity,59445,43188,32.5
30.9,51.3,46.2,2.6,Onion,Bulb Development,5919,4353,35.61
27.5,83.6,65.0,3.5,Cauliflower,Curd Initiation,13126,14026,33.76
34.6,67.4,65.0,7.0,Onion,Maturity,11668,8440,29.06
27.8,63.2,43.9,10.9,Pumpkin,Maturity,25564,18500,32.36
34.1,83.6,52.7,35.8,Tomato,Flowering,13471,9911,33.23
28.1,74.5,60.0,14.8,Coriander,Flowering,1160,590,185.13
35.0,58.2,43.5,0.0,Coriander,Flowering,1575,1462,126.16
26.8,65.2,40.3,16.2,Tomato,Fruiting,23217,10941,47.85
32.0,75.1,31.1,22.8,Drumstick,Vegetative,9703,10333,36.82
34.4,63.4,35.9,0.0,Chilli,Flowering,6037,3146,88.19
27.6,71.0,37.3,7.2,Brinjal,Vegetative,16021,16218,56.19
34.5,85.3,44.2,24.6,Drumstick,Vegetative,14706,14101,54.79
29.2,47.2,28.6,28.0,Bitter Gourd,Flowering,16649,19003,37.91
33.9,71.1,55.9,13.9,Tomato,Fruiting,14808,5614,45.84
30.5,65.8,48.0,21.3,Onion,Bulb Enlargement,10821,7484,41.93
26.3,65.6,51.6,17.4,Pumpkin,Fruit Development,14799,12483,19.62
34.4,71.3,51.2,0.0,Brinjal,Flowering,15027,15193,32.06
29.3,56.0,37.9,4.0,Potato,Vegetative,5728,2713,45.32
27.0,63.7,60.9,14.9,Onion,Bulb Development,6250,3174,46.16
31.5,80.5,54.0,14.3,Chilli,Fruiting,5934,5174,75.24
31.4,85.2,49.0,35.0,Tapioca,Root Initiation,22181,11151,18.93
26.5,73.1,43.1,0.0,Tomato,Fruiting,19291,16098,37.35
29.2,57.1,53.3,7.9,Cauliflower,Curd Initiation,11321,5976,48.13
35.6,82.9,49.0,26.2,Potato,Vegetative,5700,2358,36.49
32.2,78.2,51.1,21.1,Pumpkin,Fruit Development,9600,11616,17.68
31.5,89.8,55.6,35.9,Pumpkin,Fruit Development,21492,13261,31.98
31.6,64.8,45.1,19.4,Potato,Tuber Bulking,9231,5556,28.31
29.5,76.2,52.2,0.0,Brinjal,Fruiting,20402,16159,42.68
34.2,67.9,56.0,24.5,Drumstick,Harvest,14429,10562,63.8
30.8,72.3,38.3,6.3,Pumpkin,Fruit Development,13567,17510,18.9
35.0,89.3,38.4,0.0,Drumstick,Pod Development,20480,8257,60.74
28.9,68.3,44.1,17.3,Tapioca,Tuber Bulking,25525,9714,27.86
37.3,68.7,41.1,0.0,Drumstick,Vegetative,8721,9076,43.64
32.4,57.6,46.6,0.0,Drumstick,Pod Development,19029,12014,54.0
33.7,75.6,35.3,27.0,Banana,Bunch Development,50657,26469,34.42
34.8,76.8,46.0,24.8,Pumpkin,Vegetative,9600,4391,25.79
30.8,71.8,41.7,0.0,Bitter Gourd,Vegetative,13370,8067,53.44
30.7,57.6,44.9,15.9,Brinjal,Flowering,19928,23192,34.19
32.2,79.8,38.8,10.7,Tomato,Seedling,11400,8669,41.97
28.9,64.6,43.7,6.1,Bitter Gourd,Harvest,29475,12964,80.15
35.0,77.2,41.4,32.9,Chilli,Fruiting,6325,6864,50.35
33.7,84.1,47.9,27.1,Brinjal,Flowering,15374,6893,56.65
30.7,85.8,49.5,21.3,Pumpkin,Flowering,20207,12322,22.08
30.7,91.5,57.0,34.5,Chilli,Harvest,7204,4125,75.92
31.4,74.9,46.0,6.8,Tapioca,Vegetative,13942,8835,19.66
35.6,70.1,53.4,0.0,Tapioca,Tuber Bulking,15559,19083,18.24
30.4,65.7,43.9,0.0,Coriander,Leaf Expansion,1408,744,165.97
31.6,84.1,42.1,40.1,Brinjal,Seedling,15589,7487,56.61
30.2,77.5,40.0,0.0,Potato,Tuber Bulking,10810,8119,34.02
28.2,69.8,60.0,19.3,Bitter Gourd,Vegetative,8179,5503,58.98
32.0,75.7,37.1,13.8,Bitter Gourd,Fruiting,20955,15153,58.94
31.6,74.1,44.1,17.1,Drumstick,Flowering,21270,20292,47.57
31.4,75.1,56.0,16.4,Drumstick,Harvest,15241,13792,37.78
28.8,67.7,41.7,33.2,Cauliflower,Curd Development,15715,12426,35.62
34.6,74.9,46.2,12.9,Pumpkin,Flowering,20206,17364,18.39
34.2,61.5,34.5,0.0,Banana,Bunch Development,62488,38133,32.33
31.9,66.8,40.4,0.0,Bitter Gourd,Harvest,22042,12828,55.28
29.3,65.3,43.6,10.9,Banana,Flowering,48460,25663,24.62
33.8,74.6,57.1,26.7,Drumstick,Pod Development,14890,7735,64.67
34.5,56.8,49.7,0.0,Coriander,Leaf Expansion,1456,781,113.95
31.5,56.1,39.8,0.0,Coriander,Vegetative,1050,843,169.3
31.2,85.0,56.2,22.0,Tomato,Vegetative,14173,5513,45.38
34.4,62.9,32.0,38.4,Cauliflower,Harvest,18071,21316,29.74
32.2,73.2,52.2,22.7,Onion,Bulb Enlargement,8427,6391,31.41
33.7,53.5,24.2,10.7,Drumstick,Flowering,15473,9771,52.61
31.4,68.6,42.0,14.4,Brinjal,Seedling,17371,15442,33.7
34.5,59.4,40.6,8.6,Pumpkin,Flowering,16295,13726,16.5
37.1,73.4,39.3,14.0,Drumstick,Flowering,15386,18882,36.39
28.4,70.7,51.1,30.5,Tapioca,Tuber Bulking,19263,14697,20.58
34.1,52.1,33.3,2.0,Pumpkin,Vegetative,12930,7370,32.22
32.6,69.2,28.4,28.4,Drumstick,Harvest,21259,18063,83.63
32.9,67.2,40.3,9.6,Cauliflower,Harvest,17693,15811,32.23
29.5,67.3,55.8,27.3,Banana,Maturity,54923,53108,35.15
32.9,65.5,36.5,17.1,Coriander,Leaf Expansion,1050,815,151.5
31.7,67.5,55.3,0.8,Banana,Bunch Development,37903,29052,30.04
35.0,97.0,65.0,50.1,Pumpkin,Vegetative,10158,5510,21.68
31.4,74.9,43.6,22.1,Coriander,Vegetative,1150,861,106.86
31.8,65.6,50.7,17.8,Coriander,Flowering,1050,997,134.39
32.5,68.9,38.7,17.9,Coriander,Flowering,1273,420,179.06
33.8,70.0,60.6,0.0,Potato,Tuber Bulking,12216,5266,40.74
33.1,62.5,43.0,9.4,Tapioca,Tuber Bulking,18380,13968,27.35
31.6,59.6,47.7,15.0,Tapioca,Root Initiation,21926,23435,18.18
29.7,71.1,53.7,0.0,Chilli,Fruiting,4685,2443,83.93
31.9,54.0,50.6,6.6,Chilli,Flowering,6892,5126,77.82
25.8,67.2,46.1,19.7,Pumpkin,Maturity,27357,26372,25.53
25.2,71.2,58.4,15.0,Tomato,Vegetative,14381,15173,27.12
36.7,67.9,41.6,4.1,Chilli,Flowering,4837,3912,55.29
36.2,86.1,55.1,34.4,Bitter Gourd,Fruiting,16667,11127,59.84
32.3,80.3,38.8,29.5,Tapioca,Tuber Bulking,22473,22219,16.45
32.4,78.5,44.4,14.9,Coriander,Leaf Expansion,1448,1021,128.6
32.1,72.3,39.8,11.5,Pumpkin,Flowering,14521,4736,22.34
34.2,68.2,56.0,0.0,Cauliflower,Harvest,13998,15578,44.37
38.2,70.0,54.4,22.8,Bitter Gourd,Fruiting,7699,4881,60.31
33.9,84.0,42.2,37.2,Brinjal,Flowering,31397,16767,61.17
33.4,76.6,43.5,0.0,Tomato,Seedling,11400,9081,36.5
26.4,71.1,64.0,33.7,Bitter Gourd,Flowering,7582,5430,57.42
33.3,66.3,39.9,35.6,Potato,Maturity,9371,5524,31.57
36.4,78.3,56.2,29.2,Chilli,Fruiting,6058,4133,66.76
31.2,81.8,58.1,24.9,Chilli,Fruiting,6081,4771,82.77
32.7,71.3,44.4,5.4,Brinjal,Seedling,12600,5536,47.8
31.3,75.6,39.5,0.0,Chilli,Fruiting,5885,4125,70.61
25.5,82.4,33.4,27.1,Pumpkin,Maturity,28125,15861,31.51
35.3,83.3,58.6,8.4,Potato,Vegetative,5700,4943,27.06
33.3,67.9,48.8,26.4,Tapioca,Maturity,34760,36969,21.07
33.2,73.8,40.5,20.9,Brinjal,Harvest,46324,15594,44.89
29.9,67.3,39.7,0.0,Coriander,Flowering,1050,650,134.81
35.8,86.8,49.6,34.4,Coriander,Seed Maturity,2028,1026,124.27
34.0,79.8,33.0,43.7,Pumpkin,Maturity,24502,12993,32.24
31.0,64.3,42.0,19.2,Drumstick,Flowering,10136,5905,62.68
29.0,68.0,58.8,12.3,Bitter Gourd,Vegetative,7433,7644,50.68
26.9,57.3,38.7,3.3,Bitter Gourd,Harvest,20434,9664,66.26
32.2,66.9,31.5,16.5,Drumstick,Pod Development,14132,8931,47.44
37.0,62.2,35.1,0.0,Banana,Vegetative,29783,20910,26.25
29.6,73.5,33.6,39.4,Potato,Tuber Initiation,7985,7310,28.23
31.0,78.2,59.0,27.9,Pumpkin,Vegetative,9600,6320,24.6
28.3,78.7,36.9,15.7,Coriander,Vegetative,1536,729,149.45
31.1,78.6,51.2,7.8,Bitter Gourd,Vegetative,12115,8535,64.65
33.1,66.7,36.1,31.8,Potato,Tuber Initiation,13257,16219,25.45
34.8,84.4,49.1,29.1,Cauliflower,Curd Development,16235,11693,37.98
33.7,83.1,55.2,26.8,Drumstick,Flowering,10498,5799,68.27
29.2,69.4,58.8,35.5,Bitter Gourd,Fruiting,8600,4892,43.11
38.4,74.7,51.2,0.5,Tomato,Maturity,13534,11231,37.92
30.1,88.8,65.0,12.0,Chilli,Fruiting,6111,4202,77.82
30.9,71.0,41.6,10.9,Cauliflower,Seedling,8400,7530,28.16
31.0,67.9,50.9,19.0,Coriander,Vegetative,1050,908,150.72
32.2,72.1,38.9,25.0,Banana,Maturity,87055,68019,35.61
27.0,62.1,26.6,24.4,Tapioca,Tuber Bulking,34802,31905,13.29
32.2,84.6,57.5,34.5,Potato,Vegetative,6729,8095,27.04
33.5,64.9,35.1,22.7,Coriander,Seed Maturity,2021,2135,113.95
26.3,74.5,46.2,35.0,Cauliflower,Seedling,8400,3509,43.39
28.0,66.5,61.5,24.2,Pumpkin,Flowering,17508,13112,28.85
34.4,72.2,42.4,0.0,Bitter Gourd,Flowering,11160,8211,48.48
36.8,92.2,54.5,27.1,Tomato,Vegetative,16023,13163,34.76
29.1,70.0,48.1,14.3,Pumpkin,Flowering,11797,8438,18.25
33.0,63.6,23.4,0.0,Tapioca,Maturity,20221,22745,18.47
34.4,84.2,38.0,0.0,Onion,Bulb Development,8455,9591,25.74
34.6,83.0,56.4,22.2,Potato,Vegetative,5700,3044,46.61
34.6,81.1,46.5,0.0,Coriander,Vegetative,1050,803,112.15
35.3,53.0,21.2,12.2,Brinjal,Flowering,16970,14123,37.71
33.0,82.4,56.5,14.7,Tomato,Seedling,13287,4676,52.29
34.1,82.0,65.0,45.6,Brinjal,Vegetative,12600,5097,65.39
32.0,75.3,33.6,0.0,Potato,Vegetative,6448,4063,36.82
31.7,81.7,53.9,38.1,Tapioca,Vegetative,15351,7132,27.08
29.2,61.9,31.2,35.7,Tapioca,Root Initiation,14526,9255,24.7
35.9,72.5,34.6,6.8,Potato,Tuber Initiation,10403,13879,20.44
31.4,75.1,61.0,22.9,Tomato,Maturity,24413,11817,50.85
32.6,80.5,39.0,2.5,Onion,Maturity,9159,6117,37.17
32.1,70.1,40.0,7.0,Chilli,Vegetative,4748,3507,59.07
35.2,80.2,44.4,28.7,Coriander,Vegetative,1233,804,122.42
32.1,68.1,47.1,17.9,Cauliflower,Curd Initiation,8400,4060,43.7
30.4,76.1,53.2,3.1,Bitter Gourd,Harvest,17193,14449,43.12
29.7,81.4,54.0,37.2,Brinjal,Flowering,26979,22339,49.4
33.6,87.3,59.8,36.8,Bitter Gourd,Harvest,7375,4138,56.84
34.9,69.0,36.5,26.2,Bitter Gourd,Fruiting,15929,17854,42.3
30.7,80.1,63.0,4.4,Onion,Bulb Enlargement,9542,8036,35.98
28.4,77.5,56.4,0.0,Drumstick,Vegetative,11336,5786,56.19
32.2,71.8,54.2,0.0,Potato,Tuber Initiation,6372,3209,30.34
30.1,72.8,64.5,10.6,Brinjal,Vegetative,14958,13362,43.33
32.0,77.1,52.2,6.7,Onion,Maturity,7042,7300,32.94
31.5,54.5,41.2,4.0,Bitter Gourd,Flowering,14118,7569,51.2
27.6,68.7,62.5,24.7,Chilli,Vegetative,3600,1056,104.49
30.2,65.2,55.1,39.9,Tapioca,Tuber Bulking,18988,23237,13.34
33.8,79.7,42.8,32.6,Tapioca,Root Initiation,12338,15923,17.16
31.2,85.9,65.0,21.9,Banana,Vegetative,27000,16164,41.09
32.2,66.3,33.7,0.0,Onion,Vegetative,8360,6531,28.0
30.2,66.9,41.8,17.2,Brinjal,Harvest,19465,9791,74.28
27.5,83.1,50.9,33.6,Tomato,Vegetative,14375,9894,36.86
30.5,80.4,56.5,20.6,Tapioca,Vegetative,11026,7270,23.82
34.4,67.0,47.7,18.5,Chilli,Vegetative,3600,2240,46.06
27.0,63.7,47.3,9.7,Chilli,Harvest,10010,7004,87.72
38.5,67.4,35.1,35.5,Tomato,Seedling,11400,16962,15.4
34.3,69.8,49.7,36.3,Chilli,Flowering,3600,3248,68.61
29.9,65.1,47.0,30.0,Chilli,Vegetative,3724,1262,83.65
28.7,85.8,39.6,1.3,Pumpkin,Flowering,23398,20033,22.67
30.6,73.8,60.6,21.9,Coriander,Leaf Expansion,1248,1257,99.34
32.5,64.9,52.1,11.4,Tapioca,Vegetative,10899,3351,36.46
35.7,70.2,48.7,7.0,Banana,Bunch Development,35401,48533,20.8
33.8,69.6,47.2,23.4,Pumpkin,Fruit Development,16322,14446,21.32
32.8,64.4,32.5,14.8,Brinjal,Seedling,13183,8792,48.12
31.4,70.1,58.8,32.2,Banana,Maturity,44602,43886,32.53
28.8,71.1,38.8,8.3,Tomato,Seedling,11400,15132,25.56
32.7,67.6,46.5,0.0,Chilli,Harvest,9112,6772,56.83
30.7,73.0,49.8,0.0,Drumstick,Vegetative,8535,8022,46.45
25.9,61.4,50.6,22.9,Tomato,Flowering,19182,14447,42.53
32.0,71.7,51.0,21.5,Bitter Gourd,Harvest,16606,10370,65.9
32.6,83.1,41.1,27.6,Banana,Vegetative,35522,25015,35.22
32.1,73.2,42.5,10.5,Brinjal,Flowering,21619,11371,57.4
31.5,68.2,48.3,4.3,Cauliflower,Vegetative,8400,4143,43.11
31.2,66.7,55.3,35.7,Brinjal,Fruiting,25748,18347,36.79
33.3,91.4,49.2,15.9,Coriander,Seed Maturity,2383,2117,106.88
32.2,81.0,37.9,24.4,Tapioca,Tuber Bulking,24808,14811,18.58
32.2,86.6,55.5,27.8,Coriander,Seed Maturity,2476,2564,111.72
31.5,69.5,50.2,17.5,Onion,Bulb Development,5400,3585,44.96
28.8,75.9,33.2,28.0,Brinjal,Fruiting,34033,27753,65.33
28.7,71.7,31.2,0.0,Onion,Bulb Development,8307,6715,28.35
33.6,66.1,40.1,0.0,Chilli,Vegetative,3600,1279,69.64
29.2,71.6,47.2,9.2,Coriander,Leaf Expansion,1050,388,244.74
32.0,60.7,49.7,0.7,Tomato,Maturity,23862,11901,49.73
32.5,59.2,36.3,16.0,Bitter Gourd,Flowering,13254,15966,41.49
32.4,79.8,49.8,17.9,Coriander,Leaf Expansion,1114,773,149.08
30.1,79.3,59.8,7.7,Bitter Gourd,Flowering,12632,5799,54.92
33.0,76.4,57.9,19.3,Pumpkin,Vegetative,13416,8053,23.82
34.3,82.8,54.6,20.2,Chilli,Flowering,3600,1728,84.18
29.3,78.2,48.0,1.9,Tapioca,Root Initiation,16541,16479,17.39
33.0,53.9,38.8,16.1,Coriander,Seed Maturity,1050,923,135.59
33.7,81.2,50.0,4.8,Tapioca,Tuber Bulking,20704,12072,17.56
31.4,70.4,48.4,40.7,Tapioca,Maturity,29898,10142,21.23
35.2,66.7,37.6,12.1,Coriander,Flowering,1102,396,157.42
34.9,65.2,33.5,30.5,Banana,Vegetative,40395,36417,27.26
33.3,75.7,51.5,0.0,Onion,Bulb Development,8997,7834,32.86
32.4,73.6,34.7,8.5,Onion,Bulb Enlargement,11461,5844,48.89
33.4,79.2,53.9,0.0,Chilli,Harvest,6328,8980,47.47
34.1,56.0,39.5,0.8,Cauliflower,Seedling,8400,7576,41.64
33.2,76.7,44.4,2.4,Potato,Tuber Initiation,7272,6493,21.27
30.7,71.0,54.5,20.1,Cauliflower,Harvest,12998,8627,45.98
30.7,56.5,49.1,29.1,Coriander,Seed Maturity,2128,1679,173.23
30.3,56.4,28.7,2.4,Tapioca,Tuber Bulking,23508,22727,20.06
37.7,70.9,38.6,12.8,Cauliflower,Vegetative,8400,3995,44.69
31.3,67.4,43.8,0.0,Tomato,Fruiting,11400,10061,35.52
29.9,70.5,53.4,18.7,Cauliflower,Vegetative,8400,6490,40.5
30.7,63.9,47.0,0.0,Chilli,Fruiting,5596,5780,60.83
31.5,71.5,41.1,5.6,Onion,Vegetative,6235,3351,49.82
38.7,75.2,45.9,38.6,Brinjal,Vegetative,14183,13195,40.93
30.6,90.2,65.0,11.7,Onion,Vegetative,5400,2484,37.48
31.8,62.0,37.0,0.0,Onion,Nursery,5400,2838,33.64
32.1,65.8,63.9,23.1,Brinjal,Vegetative,15066,9084,56.54
36.0,63.9,61.2,12.3,Onion,Bulb Enlargement,8828,5577,53.99
30.8,69.8,41.9,4.7,Tomato,Maturity,22548,14406,42.86
32.7,51.0,45.9,5.7,Tapioca,Maturity,23812,20063,23.17
32.7,73.1,50.6,45.8,Coriander,Vegetative,1174,1269,105.99
33.8,80.5,34.0,0.0,Pumpkin,Vegetative,9600,8215,21.68
28.0,67.4,52.4,31.8,Brinjal,Flowering,20285,12514,52.27
34.5,82.7,43.5,28.2,Cauliflower,Vegetative,9350,4876,43.73
34.8,72.0,49.0,0.0,Tomato,Seedling,11400,7416,35.82
33.1,79.6,43.0,26.7,Bitter Gourd,Harvest,16649,10775,59.95
35.4,65.6,44.5,1.8,Tomato,Fruiting,17399,11692,31.36
31.5,78.7,48.8,0.0,Bitter Gourd,Fruiting,17595,18178,57.21
31.4,59.0,35.1,19.9,Brinjal,Vegetative,24462,14707,49.49
28.5,77.9,38.0,16.2,Pumpkin,Fruit Development,19614,8007,24.87
28.7,67.0,42.4,34.6,Pumpkin,Fruit Development,21201,13385,26.71
28.4,70.0,45.9,81.7,Banana,Vegetative,59403,34192,66.26
35.4,79.4,51.4,21.0,Cauliflower,Curd Development,13809,8296,39.99
34.3,72.6,46.5,6.4,Bitter Gourd,Flowering,10068,7882,36.86
30.3,56.0,47.7,26.5,Cauliflower,Harvest,18874,18021,36.0
29.9,63.2,41.0,0.0,Banana,Bunch Development,70894,45275,29.89
23.7,68.5,50.4,23.3,Bitter Gourd,Flowering,15041,9614,65.85
33.2,80.2,36.4,26.4,Pumpkin,Vegetative,14790,10315,22.1
30.8,80.4,47.1,19.2,Coriander,Flowering,1493,1195,106.55
34.5,63.9,38.1,26.9,Brinjal,Vegetative,12600,8615,47.64
30.9,70.0,42.4,16.1,Banana,Maturity,69648,38785,34.93
30.2,62.0,61.6,31.0,Cauliflower,Harvest,12814,6376,37.38
31.8,62.7,58.3,1.5,Coriander,Flowering,1331,849,113.83
31.5,78.2,60.8,20.8,Cauliflower,Vegetative,10005,9335,43.46
30.7,61.0,48.3,18.3,Pumpkin,Vegetative,10075,5853,34.31
33.1,58.7,39.0,10.5,Pumpkin,Flowering,16551,12269,24.59
28.5,70.0,41.3,7.5,Chilli,Harvest,11981,14674,57.55
32.7,59.3,52.4,28.4,Coriander,Seed Maturity,1513,1397,109.9
30.2,82.9,65.0,16.5,Onion,Nursery,5400,6409,23.38
29.1,70.7,45.9,24.0,Banana,Flowering,38616,35979,33.78
33.8,57.1,45.9,41.4,Coriander,Flowering,1346,812,142.9
35.4,78.1,44.4,7.2,Potato,Maturity,10282,4896,51.17
32.2,75.4,41.2,5.8,Brinjal,Fruiting,30772,20081,55.71
28.7,72.5,63.5,12.1,Cauliflower,Seedling,8400,6366,39.77
30.5,67.9,47.4,13.9,Chilli,Vegetative,3600,1214,76.8
34.7,65.8,54.2,33.1,Chilli,Vegetative,4781,6322,42.15
31.1,59.2,36.8,32.2,Bitter Gourd,Flowering,11332,5501,55.56
27.6,78.0,48.0,17.6,Potato,Maturity,10843,5946,39.01
32.1,69.3,41.6,23.9,Onion,Bulb Development,9263,7364,30.98
31.3,81.5,53.5,31.5,Pumpkin,Fruit Development,21451,18457,20.97
29.9,65.6,47.6,21.5,Drumstick,Pod Development,12994,7805,45.83
29.2,85.3,56.9,3.2,Drumstick,Harvest,21879,16307,59.3
30.1,70.9,50.2,0.1,Brinjal,Seedling,15585,7003,43.7
30.5,91.8,65.0,35.9,Brinjal,Flowering,16113,9447,48.23
34.6,80.1,57.4,16.5,Coriander,Flowering,1429,1545,138.04
31.8,77.5,60.1,28.1,Tapioca,Root Initiation,15701,14094,17.66
33.5,71.7,37.8,14.8,Bitter Gourd,Fruiting,10516,6601,54.52
36.3,73.6,48.9,2.3,Coriander,Flowering,1508,1257,130.2
33.1,53.3,36.7,0.0,Tomato,Seedling,11400,9229,36.15
33.7,62.7,36.1,11.9,Pumpkin,Fruit Development,17745,12170,27.19
31.6,75.0,33.4,0.0,Onion,Bulb Enlargement,12315,8865,31.58
35.2,58.9,36.2,6.6,Onion,Nursery,5400,4553,40.54
32.1,82.6,57.5,0.0,Onion,Maturity,12767,5830,32.65
37.1,67.2,50.9,21.4,Drumstick,Flowering,11752,10488,45.37
33.2,66.1,45.6,1.7,Potato,Tuber Bulking,6947,7758,33.91
32.5,62.3,41.2,24.4,Banana,Bunch Development,60263,48912,26.12
30.7,74.8,54.1,32.8,Potato,Vegetative,5700,4811,32.58
31.6,65.2,40.8,4.4,Potato,Tuber Bulking,8902,5778,31.44
33.3,74.6,41.7,20.5,Cauliflower,Vegetative,9648,8380,49.24
33.6,76.9,52.8,0.0,Cauliflower,Curd Initiation,11721,7379,35.05
32.1,89.4,46.2,23.3,Brinjal,Harvest,18970,13275,36.94
33.4,73.9,47.6,19.7,Onion,Vegetative,5400,4453,33.42
35.7,63.1,35.4,30.6,Onion,Maturity,10463,6242,38.29
32.4,58.8,52.9,25.5,Drumstick,Flowering,9282,7421,79.77
33.4,72.9,29.5,12.3,Onion,Bulb Development,8368,6300,36.73
30.9,86.7,65.0,32.6,Potato,Maturity,10835,8972,35.06
30.0,61.9,41.1,12.9,Coriander,Flowering,1050,432,129.11
36.0,77.8,47.9,19.9,Tapioca,Root Initiation,10800,8742,18.08
35.1,79.9,52.9,18.4,Tapioca,Vegetative,10800,3908,24.69
28.9,65.2,47.3,17.9,Bitter Gourd,Fruiting,12886,7375,61.7
34.6,96.1,65.0,2.0,Pumpkin,Fruit Development,23066,19419,26.59
33.2,73.6,53.2,46.3,Potato,Vegetative,5700,6093,25.03
31.8,77.1,61.0,30.2,Tomato,Vegetative,12227,5806,41.35
36.3,66.8,35.9,0.0,Tomato,Vegetative,12430,14765,27.96
29.2,65.0,30.1,0.0,Tomato,Vegetative,17942,6581,51.67
32.6,77.1,44.4,8.4,Tapioca,Maturity,17717,19400,13.47
32.0,70.0,45.7,8.6,Cauliflower,Curd Initiation,8400,8986,45.01
29.9,63.0,40.9,11.9,Coriander,Leaf Expansion,1365,694,137.86
31.5,61.3,47.0,26.7,Drumstick,Pod Development,21557,15467,48.58
34.4,63.8,34.3,17.9,Onion,Bulb Development,6821,9983,24.54
37.1,75.5,54.9,22.5,Cauliflower,Harvest,15119,7115,51.39
32.2,82.4,53.3,28.9,Chilli,Flowering,5204,2808,86.57
32.1,79.4,39.1,20.0,Tomato,Flowering,17524,15497,32.65
31.8,56.5,28.6,0.0,Chilli,Harvest,5905,3128,77.46
26.2,80.4,57.1,22.8,Bitter Gourd,Fruiting,9661,4796,81.95
30.8,82.0,51.9,8.4,Coriander,Seed Maturity,1496,1333,115.71
36.2,87.9,50.6,35.6,Cauliflower,Curd Initiation,12138,10170,47.08
29.1,62.8,49.6,6.2,Brinjal,Fruiting,25271,17524,42.59
32.9,83.9,49.0,9.5,Brinjal,Seedling,12600,3586,51.66
34.0,60.3,60.1,12.4,Onion,Bulb Development,5400,4360,29.24
37.3,87.0,43.8,5.7,Bitter Gourd,Harvest,9003,2908,57.27
32.1,76.9,36.6,17.3,Banana,Flowering,52563,44732,22.34
30.5,61.3,45.0,31.0,Coriander,Seed Maturity,1926,1175,151.27
36.5,68.9,44.4,31.2,Onion,Nursery,5400,5216,28.92
30.6,65.2,49.1,15.5,Potato,Tuber Initiation,7818,4673,34.52
30.2,81.9,53.4,13.2,Tapioca,Vegetative,13405,6568,26.8
38.6,81.3,38.2,15.4,Banana,Maturity,59764,45780,26.64
30.1,73.5,40.3,16.8,Coriander,Vegetative,1050,751,138.77
31.9,75.6,50.2,20.2,Banana,Flowering,38396,19439,35.47
32.3,72.1,39.5,20.9,Brinjal,Flowering,18635,22333,22.16
31.9,71.5,48.8,20.0,Tomato,Vegetative,15894,6881,43.59
29.8,71.8,53.4,43.0,Bitter Gourd,Fruiting,13750,6673,76.24
30.5,73.1,36.7,23.1,Tapioca,Maturity,29172,17122,20.09
27.4,72.5,52.9,30.2,Bitter Gourd,Flowering,10892,4295,57.32
36.8,70.0,36.2,0.0,Coriander,Vegetative,1050,680,153.19
31.8,73.7,37.3,0.0,Brinjal,Fruiting,23630,12865,50.49
33.3,57.0,42.7,0.0,Tapioca,Root Initiation,14616,7908,23.33
35.4,83.7,60.3,6.0,Coriander,Seed Maturity,1913,1736,116.1
32.7,80.6,47.6,28.8,Pumpkin,Vegetative,9832,10026,21.07
33.5,70.9,56.0,17.7,Brinjal,Vegetative,12600,16261,30.14
27.0,60.1,31.2,23.0,Banana,Bunch Development,54477,35618,36.73
30.9,76.6,50.0,35.1,Pumpkin,Flowering,16518,6529,23.78
28.6,68.4,48.1,0.0,Tomato,Seedling,11400,7206,42.81
34.0,57.7,51.5,17.3,Cauliflower,Curd Initiation,10725,9449,37.83
33.7,77.9,59.9,7.1,Tapioca,Maturity,22940,13765,21.5
27.8,79.2,54.7,30.5,Cauliflower,Seedling,8400,6958,33.7
31.7,69.7,51.6,7.4,Onion,Vegetative,5400,4674,32.55
34.3,57.8,37.6,44.5,Drumstick,Vegetative,8705,4439,55.57
32.2,58.9,35.3,21.4,Brinjal,Harvest,25520,14674,49.61
32.9,59.5,43.7,26.5,Banana,Flowering,32279,34872,23.94
32.6,74.4,53.2,1.8,Tomato,Fruiting,14473,8515,45.19
33.3,68.8,50.7,35.8,Pumpkin,Flowering,12773,4198,24.9
32.5,73.7,37.3,0.0,Banana,Maturity,88865,49734,32.52
37.5,71.2,43.1,7.4,Tomato,Maturity,20376,11287,35.55
33.8,63.0,45.5,7.4,Cauliflower,Seedling,8400,4705,44.55
30.2,67.1,51.7,0.0,Pumpkin,Fruit Development,15500,5984,21.97
33.4,60.2,44.4,15.7,Bitter Gourd,Harvest,18069,4711,58.3
35.1,55.0,42.8,3.3,Potato,Tuber Bulking,5885,5343,31.87
29.8,84.3,52.9,21.7,Tapioca,Tuber Bulking,20991,20480,23.78
32.0,70.3,49.9,27.0,Onion,Nursery,5400,4318,34.85
34.8,74.5,57.9,37.3,Bitter Gourd,Flowering,8941,6181,57.6
34.8,72.9,40.0,0.0,Drumstick,Harvest,15996,11519,68.29
36.0,82.6,48.8,26.6,Cauliflower,Curd Development,14895,8710,32.93
30.5,69.4,59.8,0.0,Coriander,Leaf Expansion,1050,671,177.47
34.4,76.2,46.9,22.6,Brinjal,Vegetative,18224,7012,56.85
35.9,84.0,63.3,35.8,Brinjal,Vegetative,13588,12805,54.15
27.4,56.6,52.5,6.3,Coriander,Vegetative,1050,930,126.25
30.9,81.5,43.2,34.8,Drumstick,Pod Development,27873,25076,60.49
27.8,89.1,45.2,15.1,Tomato,Fruiting,17163,19457,27.21
33.6,65.8,39.7,12.3,Banana,Maturity,75823,55648,39.72
31.8,72.5,44.5,35.8,Tapioca,Maturity,19851,13386,16.97
34.8,70.3,38.7,9.8,Drumstick,Harvest,19417,15541,58.99
39.8,66.3,49.7,46.6,Pumpkin,Fruit Development,14045,8823,26.77
33.6,56.1,33.1,19.4,Tapioca,Tuber Bulking,25253,22259,18.47
31.3,74.4,51.0,30.1,Banana,Flowering,44828,38566,30.68
31.0,57.4,51.9,12.7,Bitter Gourd,Fruiting,16148,11464,53.63
37.4,80.7,34.3,46.5,Drumstick,Harvest,17649,14854,43.77
31.6,73.5,49.4,23.4,Chilli,Fruiting,7174,6589,61.79
31.4,69.5,52.5,52.0,Cauliflower,Harvest,11590,9309,37.4
34.1,76.2,56.9,34.1,Chilli,Vegetative,3600,3978,48.59
34.1,81.2,40.4,0.0,Coriander,Seed Maturity,1227,1005,110.29
32.7,79.7,55.1,17.7,Chilli,Harvest,7776,4482,63.96
35.0,78.3,40.2,20.6,Tapioca,Vegetative,18098,28554,11.44
33.2,62.8,33.3,10.5,Brinjal,Vegetative,17875,7254,54.61
28.8,90.7,44.9,2.6,Onion,Nursery,5400,4664,36.49
34.1,69.2,30.7,10.8,Banana,Bunch Development,55129,67375,18.67
31.2,70.1,41.8,24.9,Drumstick,Harvest,20368,12430,60.75
30.6,87.8,56.0,1.1,Banana,Bunch Development,54924,26822,34.25
35.4,64.0,39.3,12.2,Chilli,Fruiting,8036,2767,65.77
31.2,67.1,41.3,0.0,Potato,Tuber Initiation,8007,2644,38.12
28.8,67.8,50.1,3.6,Tomato,Flowering,16922,11236,58.55
30.8,65.9,47.9,8.3,Drumstick,Vegetative,13877,13760,48.98
34.7,57.8,43.1,10.3,Bitter Gourd,Fruiting,9704,8037,40.38
32.7,60.5,36.7,9.4,Pumpkin,Maturity,21208,15192,32.73
41.6,79.8,40.2,25.2,Chilli,Seedling,3600,1805,60.57
29.9,67.9,40.7,0.0,Banana,Bunch Development,61387,37878,33.68
32.6,57.4,35.5,2.9,Bitter Gourd,Flowering,11175,9398,50.37
32.8,92.3,50.0,12.8,Drumstick,Pod Development,8400,12483,26.23
30.8,49.1,37.3,3.5,Banana,Flowering,51569,28719,32.41
30.3,82.8,49.7,0.0,Drumstick,Vegetative,12599,14919,58.13
38.2,76.6,51.5,14.5,Brinjal,Flowering,17432,13352,41.15
32.5,85.8,43.5,23.3,Chilli,Fruiting,10120,8135,83.34
34.5,58.4,33.5,7.0,Pumpkin,Maturity,23681,19533,21.3
35.3,83.8,65.0,54.2,Brinjal,Harvest,26413,16537,43.54
33.7,78.7,51.3,0.0,Brinjal,Vegetative,18203,15581,41.22
32.1,96.3,57.0,31.4,Potato,Maturity,9693,5774,45.79
34.2,59.0,61.3,0.0,Bitter Gourd,Vegetative,8398,3906,57.55
36.2,67.2,30.9,16.7,Brinjal,Seedling,14975,11222,44.11
29.7,63.5,26.2,6.3,Bitter Gourd,Flowering,10526,9348,48.42
31.1,87.4,55.0,14.0,Coriander,Flowering,1790,1372,114.94
32.5,68.4,29.9,0.0,Brinjal,Vegetative,12600,6938,59.36
31.8,69.0,48.5,22.6,Chilli,Fruiting,7033,2988,109.7
37.5,63.8,31.5,19.7,Cauliflower,Curd Initiation,11014,5998,45.22
27.4,69.1,37.0,20.8,Tomato,Maturity,30283,10859,44.89
28.9,77.4,49.0,13.2,Onion,Bulb Development,7146,5450,41.82
32.3,83.3,65.0,34.7,Chilli,Seedling,3600,2226,65.36
32.0,55.7,40.2,25.8,Chilli,Flowering,3878,3798,70.43
31.0,65.7,41.2,0.8,Potato,Maturity,11173,8306,32.38
35.9,72.0,54.0,36.7,Bitter Gourd,Harvest,11604,10095,48.49
33.5,67.6,41.5,16.8,Potato,Tuber Bulking,9143,9718,28.06
23.8,60.9,52.0,1.9,Tapioca,Root Initiation,17485,26968,15.27
32.0,61.9,45.1,0.0,Chilli,Fruiting,5505,3008,72.12
32.5,78.3,52.2,34.0,Coriander,Flowering,1574,1560,95.48
31.4,84.9,44.2,15.5,Pumpkin,Maturity,25923,26073,28.58
35.5,72.1,48.7,36.8,Tomato,Seedling,11400,14263,25.74
30.9,75.7,35.5,0.0,Banana,Maturity,78792,30295,42.93
29.0,56.4,38.4,14.0,Brinjal,Harvest,17780,14433,38.16
28.0,68.5,48.4,20.8,Pumpkin,Maturity,18876,20057,19.47
36.0,61.5,56.4,6.5,Chilli,Fruiting,7581,6393,67.35
31.8,95.3,61.5,4.2,Pumpkin,Maturity,19806,8758,29.37
30.5,73.6,39.4,18.1,Tomato,Fruiting,24345,19842,34.79
27.4,70.2,62.1,23.9,Onion,Bulb Development,5676,5191,33.78
33.4,78.3,38.4,0.3,Tomato,Flowering,19141,10692,50.39
33.4,72.8,54.7,8.9,Chilli,Seedling,3600,1422,82.94
29.8,74.2,56.0,3.4,Cauliflower,Seedling,8400,2450,57.21
26.4,73.6,43.3,11.9,Pumpkin,Maturity,25912,14451,20.79
31.9,65.6,48.6,7.7,Potato,Tuber Bulking,8226,4864,32.71
27.9,56.2,48.8,0.0,Tapioca,Maturity,24780,15817,16.55
30.1,66.8,39.8,3.4,Chilli,Seedling,3600,2802,60.75
31.5,49.5,34.1,0.0,Pumpkin,Maturity,25115,18934,19.16
33.0,85.7,39.6,35.4,Chilli,Flowering,5667,6880,57.86
31.8,67.2,53.9,0.3,Tapioca,Tuber Bulking,13807,4872,36.41
32.4,63.5,44.3,11.8,Brinjal,Seedling,12600,15665,30.95
32.3,65.9,46.8,16.1,Pumpkin,Vegetative,11874,9528,30.21
31.7,73.9,55.5,48.3,Chilli,Harvest,6557,6438,51.56
30.6,78.2,34.7,25.1,Coriander,Seed Maturity,2115,1608,111.06
34.0,72.7,43.7,38.0,Banana,Vegetative,39216,22188,43.88
27.0,73.7,40.0,37.5,Onion,Nursery,5400,3947,41.26
28.4,84.1,34.0,33.4,Tapioca,Vegetative,14179,12874,20.54
32.6,89.9,51.0,4.4,Drumstick,Flowering,14507,15450,44.61
36.0,69.2,32.6,0.2,Banana,Maturity,45418,33741,32.42
36.2,71.7,51.1,22.6,Banana,Bunch Development,55774,26264,32.46
36.1,56.5,22.7,14.2,Tapioca,Root Initiation,10800,8617,18.39
33.9,55.6,42.3,0.0,Brinjal,Vegetative,13666,7333,52.64
31.4,61.7,31.8,0.0,Tomato,Seedling,11935,6719,33.29
33.9,76.8,29.9,0.0,Banana,Flowering,32293,32591,29.89
31.1,65.3,36.4,29.1,Coriander,Vegetative,1050,869,133.06
31.7,58.7,39.7,4.7,Bitter Gourd,Fruiting,10907,10244,39.04
32.4,70.5,37.8,14.6,Tapioca,Maturity,35425,28423,29.61
32.6,76.7,31.7,11.5,Banana,Vegetative,37816,13547,41.95
34.4,82.1,60.5,45.6,Potato,Tuber Bulking,10414,4117,42.22
38.7,64.1,42.2,29.6,Pumpkin,Fruit Development,16718,19447,19.46
34.4,76.4,36.8,14.2,Drumstick,Harvest,20924,9518,56.4
35.7,86.9,54.6,4.4,Potato,Tuber Bulking,9841,8138,25.93
31.8,74.0,55.1,0.0,Drumstick,Harvest,23856,20868,41.53
29.2,62.0,42.3,3.5,Chilli,Fruiting,8710,6247,76.22
32.5,79.0,46.8,29.6,Chilli,Seedling,3600,1483,86.16
29.6,61.6,57.2,4.0,Chilli,Vegetative,4991,2579,74.87
30.7,67.6,45.7,11.9,Brinjal,Vegetative,13994,14689,39.17
31.7,62.2,34.9,28.6,Pumpkin,Vegetative,9600,7021,28.43
30.7,75.8,44.5,0.0,Bitter Gourd,Flowering,13438,10463,56.48
36.2,67.3,48.0,18.5,Tapioca,Root Initiation,10800,8028,21.76
30.7,80.9,48.2,11.4,Bitter Gourd,Harvest,20139,11962,49.2
28.5,58.5,35.3,27.3,Pumpkin,Flowering,20138,8144,35.89
36.4,64.3,32.7,1.2,Pumpkin,Maturity,15138,7314,30.18
32.5,71.8,46.9,6.2,Tapioca,Root Initiation,14009,5842,24.41
33.5,63.0,41.4,0.0,Tapioca,Root Initiation,15222,7664,21.99
31.6,67.8,45.4,12.1,Pumpkin,Maturity,19215,18067,28.94
30.0,78.4,57.3,7.1,Banana,Maturity,61859,48877,42.78
30.1,64.9,60.6,0.2,Cauliflower,Curd Development,14925,14369,24.48
27.3,66.3,53.4,22.6,Banana,Bunch Development,71981,49518,31.51
33.6,71.9,58.7,0.0,Potato,Vegetative,6460,7300,28.2
24.6,77.8,62.1,0.0,Tomato,Flowering,14113,13284,32.76
31.9,79.4,35.4,31.9,Coriander,Flowering,1284,1161,106.28
30.0,72.9,50.0,18.0,Banana,Maturity,60729,83595,20.42
32.5,65.5,42.3,15.9,Cauliflower,Seedling,8400,6920,54.66
34.6,58.3,26.4,6.0,Chilli,Harvest,9610,5776,82.35
32.0,65.3,55.7,0.0,Bitter Gourd,Flowering,13245,6152,67.91
29.7,85.2,45.0,12.2,Banana,Maturity,61678,45569,29.94
33.8,58.4,31.0,38.9,Bitter Gourd,Flowering,14188,14329,51.01
34.0,68.8,32.3,19.1,Tomato,Vegetative,16788,11080,32.06
31.3,76.1,46.1,21.1,Tapioca,Root Initiation,11625,5984,24.65
31.7,67.5,47.1,0.0,Cauliflower,Vegetative,9159,11818,26.07
30.0,75.1,65.0,37.9,Brinjal,Fruiting,28422,26679,39.45
28.8,67.1,42.7,6.9,Bitter Gourd,Harvest,22408,13267,48.42
30.1,64.4,37.8,26.5,Onion,Bulb Development,6586,4428,28.77
32.5,79.9,43.3,0.0,Cauliflower,Seedling,8400,6833,37.29
33.4,78.0,52.7,27.5,Onion,Nursery,5400,3539,50.53
28.4,63.6,50.8,17.4,Coriander,Seed Maturity,2497,1158,149.97
28.7,72.0,45.4,33.4,Tapioca,Vegetative,19255,15917,22.32
27.9,85.6,44.8,4.4,Cauliflower,Curd Initiation,14323,9527,46.12
34.2,77.5,52.6,15.7,Drumstick,Vegetative,8400,6724,54.74
31.3,77.9,51.5,35.0,Brinjal,Flowering,17238,11710,60.53
27.7,67.2,49.6,36.3,Chilli,Harvest,7158,3651,80.14
32.4,87.1,60.0,7.1,Coriander,Leaf Expansion,1537,562,153.8
30.0,82.5,56.2,0.0,Chilli,Seedling,3600,1443,97.84
28.1,79.5,35.5,25.6,Banana,Flowering,59013,39426,53.65
32.8,79.4,59.6,17.8,Tomato,Seedling,11400,19026,19.99
33.1,49.5,31.2,31.1,Drumstick,Flowering,25681,41170,27.17
31.7,74.0,38.4,6.7,Cauliflower,Seedling,8400,5505,42.25
33.6,53.1,47.9,0.0,Pumpkin,Fruit Development,12704,8268,22.51
31.2,55.0,42.4,30.4,Onion,Maturity,9531,6499,30.32
31.0,70.7,59.5,33.2,Cauliflower,Harvest,21875,13251,50.16
28.5,70.6,46.3,11.6,Bitter Gourd,Fruiting,15496,6363,69.39
36.0,54.9,56.7,0.0,Bitter Gourd,Vegetative,9036,3408,61.96
28.5,72.7,47.4,0.0,Drumstick,Flowering,11943,14909,37.9
32.8,74.7,52.3,28.9,Coriander,Flowering,1097,404,135.15
29.8,63.1,34.6,16.6,Cauliflower,Seedling,8400,5526,38.58
29.1,69.9,44.7,15.9,Banana,Flowering,56358,45128,33.66
34.4,93.5,65.0,18.2,Onion,Bulb Enlargement,8892,8206,28.64
32.2,75.6,50.6,16.4,Bitter Gourd,Fruiting,15295,16555,32.13
35.2,83.7,43.5,0.0,Tapioca,Root Initiation,14257,9312,23.03
33.6,66.2,49.4,32.7,Tomato,Flowering,17799,6519,46.09
32.5,56.0,35.2,42.7,Brinjal,Harvest,26553,36876,36.3
31.0,70.0,36.5,26.5,Tomato,Maturity,37237,23135,36.91
30.1,85.5,60.7,16.1,Onion,Nursery,5400,4625,32.79
29.1,68.8,51.0,9.7,Pumpkin,Vegetative,9600,8943,21.42
34.0,74.0,38.1,38.8,Drumstick,Harvest,20043,22689,33.21
27.8,79.5,56.3,11.3,Tapioca,Maturity,19444,11671,23.76
34.9,66.0,43.8,20.0,Tomato,Vegetative,12437,4841,48.66
32.6,79.2,43.9,5.0,Coriander,Flowering,1419,1213,124.15
31.5,79.5,64.5,36.6,Banana,Bunch Development,52904,23377,37.89
30.2,71.3,55.3,10.1,Banana,Maturity,52816,28424,35.56
29.2,69.5,49.1,34.2,Chilli,Flowering,5969,2902,64.21
36.5,69.9,57.7,28.9,Cauliflower,Vegetative,9441,9961,31.12
32.1,69.4,54.6,4.8,Brinjal,Seedling,12600,8774,42.72
30.5,84.2,54.8,25.2,Tomato,Seedling,11400,7824,43.07
35.0,70.0,44.8,21.1,Pumpkin,Flowering,14088,9657,21.7
32.0,89.2,47.7,24.7,Brinjal,Vegetative,14164,10849,55.71
36.1,71.4,48.6,0.0,Cauliflower,Curd Development,16790,9556,54.54
34.4,75.0,58.6,10.7,Onion,Bulb Development,5400,3041,32.23
33.4,89.3,65.0,15.8,Coriander,Leaf Expansion,1445,1783,86.39
29.6,74.9,53.3,0.0,Onion,Maturity,7381,5254,44.0
29.6,58.7,49.3,38.7,Tapioca,Maturity,14542,10660,18.73
32.2,62.5,57.2,26.6,Tomato,Flowering,17851,10068,56.35
27.7,79.7,42.5,28.1,Pumpkin,Fruit Development,18652,8899,27.63
33.9,71.6,53.0,25.1,Tomato,Maturity,21396,16749,42.05
28.0,63.0,50.1,29.6,Onion,Vegetative,6993,2461,42.8
31.0,70.8,52.7,0.0,Onion,Nursery,5400,4538,31.42
28.0,72.0,65.0,8.7,Tomato,Maturity,21956,11106,41.7
34.2,57.7,45.1,4.7,Chilli,Vegetative,4432,2017,69.27
31.5,81.2,55.5,0.0,Chilli,Vegetative,3600,2621,87.24
36.2,67.8,34.8,0.0,Pumpkin,Vegetative,9663,10669,17.58
34.7,97.0,57.1,19.9,Tapioca,Tuber Bulking,22390,10907,21.14
27.7,69.4,35.8,6.5,Chilli,Flowering,4531,3186,56.32
36.6,60.8,31.3,11.9,Potato,Vegetative,5935,5545,26.28
34.5,58.4,37.4,41.5,Brinjal,Flowering,21221,10577,48.97
34.6,88.8,49.5,23.0,Banana,Maturity,41837,26720,32.53
30.7,86.2,51.0,13.1,Bitter Gourd,Vegetative,7200,3897,66.57
30.8,77.1,37.3,13.9,Potato,Maturity,12976,14143,27.32
33.8,88.9,37.9,36.2,Chilli,Flowering,5129,1935,55.69
34.3,59.4,39.8,7.0,Pumpkin,Vegetative,9600,4313,38.03
34.2,74.4,42.8,28.0,Chilli,Vegetative,5151,1779,81.42
34.4,78.4,37.1,14.9,Bitter Gourd,Harvest,14227,7490,58.02
31.9,87.6,48.9,11.4,Chilli,Fruiting,5838,3267,87.18
26.9,84.6,39.9,5.9,Bitter Gourd,Flowering,10408,8326,53.73
29.2,74.1,54.8,0.4,Drumstick,Pod Development,17230,17211,62.13
27.2,77.0,36.9,14.2,Chilli,Flowering,8480,4304,72.22
34.1,79.0,53.4,27.5,Coriander,Seed Maturity,2205,1688,129.83
34.4,78.9,49.2,0.0,Tapioca,Tuber Bulking,10800,9255,21.18
33.2,78.3,50.9,8.0,Tomato,Vegetative,11400,14039,29.91
29.4,75.6,32.7,29.0,Brinjal,Fruiting,40838,20366,68.29
29.9,75.5,52.7,6.6,Coriander,Leaf Expansion,1668,1667,118.42
33.4,69.7,34.6,3.4,Brinjal,Seedling,12600,7200,54.47
34.4,77.7,53.3,0.0,Onion,Bulb Development,8518,4638,26.07
33.8,73.8,38.3,6.7,Tapioca,Maturity,21178,16987,15.66
30.4,64.3,40.8,27.8,Cauliflower,Vegetative,8837,6538,43.34
31.9,78.8,57.5,26.2,Coriander,Vegetative,1050,750,108.71
32.4,73.2,65.0,10.0,Potato,Maturity,10225,8975,27.15
32.5,91.6,65.0,11.2,Onion,Nursery,5400,3163,62.19
30.6,75.7,56.4,16.0,Coriander,Leaf Expansion,1249,1244,112.24
32.2,61.2,43.1,25.8,Potato,Maturity,10861,6917,43.4
28.4,83.2,65.0,30.7,Onion,Maturity,9220,4340,41.65
29.3,75.2,48.5,22.6,Cauliflower,Curd Initiation,15435,10353,39.09
32.8,72.7,61.5,0.0,Cauliflower,Harvest,13126,9592,38.82
35.3,77.1,41.4,22.8,Brinjal,Harvest,27508,23551,41.2
32.9,66.5,54.5,26.4,Bitter Gourd,Harvest,9814,9102,57.58
34.6,79.9,30.4,18.7,Brinjal,Vegetative,18799,12591,50.56
28.9,65.0,49.9,37.5,Cauliflower,Seedling,8400,6825,50.24
31.6,76.4,33.7,13.3,Drumstick,Flowering,13100,9140,52.49
33.3,76.1,26.1,28.7,Potato,Tuber Initiation,6212,5321,28.11
36.3,86.6,49.4,15.5,Coriander,Flowering,1508,775,144.1
32.0,74.6,43.4,9.3,Bitter Gourd,Flowering,14426,10917,46.36
32.3,72.1,46.5,15.5,Banana,Bunch Development,54468,50513,25.09
33.8,73.0,41.8,22.0,Tomato,Fruiting,26720,12411,52.41
33.7,81.5,47.0,31.7,Brinjal,Fruiting,25627,16644,48.76
37.8,60.5,26.8,6.0,Potato,Vegetative,5700,3580,41.19
33.5,82.2,35.6,8.6,Drumstick,Harvest,18505,12826,64.2
33.6,72.7,46.4,0.7,Drumstick,Harvest,21395,16107,49.08
34.6,51.8,35.6,28.5,Chilli,Fruiting,8718,6873,68.68
24.2,67.3,42.0,0.0,Pumpkin,Flowering,17736,14813,21.06
34.7,76.4,45.2,5.3,Onion,Vegetative,5400,5144,27.9
37.1,81.1,62.0,7.5,Brinjal,Harvest,27892,24146,35.28
36.9,66.6,47.6,12.9,Potato,Maturity,10439,4412,31.6
30.0,73.5,40.8,20.9,Cauliflower,Vegetative,8400,3049,49.41
31.5,76.8,53.0,35.8,Pumpkin,Fruit Development,24641,13028,30.37
29.2,64.9,40.7,28.8,Tapioca,Tuber Bulking,27695,12889,27.48
27.6,82.8,53.9,38.4,Drumstick,Harvest,17364,8503,69.44
32.1,75.4,42.5,13.8,Coriander,Flowering,1050,750,105.04
31.3,80.0,59.7,16.9,Chilli,Seedling,3600,2122,86.87
31.8,79.7,46.6,4.7,Coriander,Seed Maturity,1432,1113,123.84
31.4,79.6,58.0,41.7,Onion,Vegetative,5400,3190,46.07
29.6,61.7,37.7,18.5,Chilli,Fruiting,10110,5765,90.13
33.5,63.2,50.6,12.4,Potato,Maturity,8668,9589,28.69
37.0,71.1,41.2,26.7,Drumstick,Harvest,12998,7713,49.87
33.7,64.4,40.1,0.0,Potato,Vegetative,5700,3892,40.18
36.0,68.7,59.1,0.0,Tapioca,Maturity,18903,13942,20.38
33.0,68.0,53.3,36.0,Brinjal,Fruiting,36444,11459,62.0
27.5,66.6,44.9,19.0,Coriander,Flowering,1610,1067,123.06
30.7,86.2,65.0,40.1,Brinjal,Seedling,12600,4549,72.95
31.5,71.1,49.0,18.4,Onion,Bulb Enlargement,7281,4728,31.1
31.3,67.4,40.0,8.0,Banana,Vegetative,49603,32877,29.49
31.9,80.8,41.4,30.9,Brinjal,Seedling,12600,5831,58.67
34.1,78.5,62.6,35.4,Banana,Maturity,57346,42850,32.56
30.0,70.2,45.2,10.3,Cauliflower,Seedling,8400,5727,53.25
34.8,89.7,50.8,8.1,Coriander,Leaf Expansion,1244,805,144.14
30.9,71.4,46.3,2.0,Drumstick,Pod Development,28040,19412,52.62
36.7,71.0,45.3,19.8,Cauliflower,Curd Initiation,10679,8056,35.08
32.4,69.0,53.6,15.4,Potato,Vegetative,5700,3693,31.77
31.5,87.5,41.2,21.7,Bitter Gourd,Flowering,10338,9938,54.13
34.3,68.5,45.1,18.9,Brinjal,Harvest,21963,11884,43.21
30.2,67.5,49.1,25.9,Banana,Bunch Development,68402,41923,43.47
31.0,52.9,36.2,47.7,Drumstick,Pod Development,19668,11686,63.12
33.0,56.9,32.8,20.8,Tomato,Seedling,13197,13329,29.6
30.8,69.3,48.3,39.6,Bitter Gourd,Flowering,11853,6035,50.25
37.4,71.2,51.3,0.0,Pumpkin,Vegetative,10919,12059,23.12
36.9,81.5,47.0,14.5,Tomato,Seedling,11400,7185,34.33
29.7,75.5,55.1,31.5,Pumpkin,Vegetative,9600,6463,22.61
31.1,74.1,48.9,23.3,Chilli,Vegetative,3600,2473,73.65
29.7,69.5,51.7,33.2,Drumstick,Harvest,12955,4754,79.2
35.5,77.7,54.2,9.2,Chilli,Harvest,4896,7046,47.91
30.7,68.1,61.0,0.0,Cauliflower,Vegetative,8400,5667,31.32
30.6,85.6,52.4,20.4,Bitter Gourd,Vegetative,9423,4400,60.39
29.9,89.5,63.6,45.2,Tapioca,Maturity,21154,10586,22.93
35.4,68.3,33.2,1.8,Potato,Tuber Bulking,11128,7001,37.09
33.9,88.1,61.8,19.5,Cauliflower,Seedling,8400,5727,50.78
30.8,57.8,39.3,9.2,Brinjal,Vegetative,17306,7906,67.43
32.3,73.1,41.1,20.9,Banana,Maturity,73479,68311,35.61
27.7,78.8,56.9,12.4,Chilli,Flowering,5019,3932,71.11
30.3,67.3,41.8,22.2,Onion,Maturity,7863,3486,34.65
28.2,82.9,58.2,17.8,Drumstick,Flowering,20119,12765,88.76
34.7,76.2,40.9,3.8,Bitter Gourd,Flowering,11924,13555,35.33
32.8,72.3,38.4,28.9,Onion,Maturity,10243,7051,36.83
28.2,68.5,59.7,20.5,Pumpkin,Flowering,13748,5674,25.44
31.9,78.3,43.3,13.6,Pumpkin,Vegetative,9600,7849,13.27
33.8,76.6,49.9,18.5,Brinjal,Seedling,12600,12345,45.31
32.0,71.9,48.8,24.2,Brinjal,Fruiting,20082,20708,41.49
33.3,62.3,30.0,12.5,Potato,Vegetative,7357,5412,31.54
27.2,77.9,45.8,0.0,Pumpkin,Fruit Development,24043,15373,25.41
27.9,74.6,46.2,16.0,Cauliflower,Seedling,8400,4545,47.29
26.2,87.1,65.0,16.2,Drumstick,Harvest,9961,3133,115.0
30.8,65.9,54.5,19.4,Bitter Gourd,Harvest,21349,14715,48.19
29.6,66.9,46.4,7.6,Tapioca,Root Initiation,17977,14549,22.77
34.5,72.2,38.6,12.1,Cauliflower,Vegetative,8400,5963,42.23
30.1,81.2,58.1,29.5,Coriander,Vegetative,1085,1012,111.46
33.0,78.5,53.3,29.5,Coriander,Seed Maturity,1840,1783,119.09
33.9,67.1,45.1,23.8,Drumstick,Flowering,11836,12916,37.84
32.7,77.7,43.4,44.4,Banana,Vegetative,41173,30861,27.1
30.6,59.4,30.7,29.2,Pumpkin,Flowering,19521,18996,24.86
35.8,86.3,50.3,0.9,Banana,Flowering,46950,44502,29.4
29.0,71.1,51.1,25.0,Potato,Maturity,10798,6113,50.26
33.6,78.5,37.8,15.0,Cauliflower,Curd Initiation,9979,6877,37.82
33.6,69.8,35.1,24.8,Banana,Flowering,50077,23727,37.55
30.7,66.1,37.0,31.3,Tomato,Seedling,17851,15207,36.52
32.6,90.3,55.7,12.4,Pumpkin,Vegetative,9600,9079,21.21
33.5,78.6,47.4,12.4,Brinjal,Vegetative,13509,7023,39.93
32.2,62.4,43.6,9.3,Cauliflower,Vegetative,8400,6234,39.75
32.1,76.6,40.9,18.5,Banana,Bunch Development,65546,62798,32.95
34.0,81.0,39.7,18.5,Banana,Bunch Development,55810,22568,37.16
27.7,89.5,42.8,19.1,Bitter Gourd,Flowering,13997,6107,61.39
27.0,75.7,65.0,34.1,Banana,Bunch Development,66009,41666,44.57
31.8,57.6,31.1,21.2,Coriander,Flowering,2042,1234,132.74
33.5,72.9,49.6,47.5,Potato,Maturity,10566,6045,43.23
37.9,84.1,54.0,30.9,Potato,Tuber Bulking,7759,6496,32.64
31.9,70.0,41.8,21.4,Coriander,Seed Maturity,1987,1544,129.44
30.9,65.3,35.1,17.0,Brinjal,Fruiting,30251,20233,38.72
35.0,88.0,59.0,3.8,Tomato,Maturity,22261,16162,36.05
29.3,75.5,45.2,28.9,Tomato,Maturity,28860,25292,36.33
33.1,70.4,46.4,33.5,Tapioca,Maturity,22635,12963,24.43
28.3,81.4,40.9,23.6,Drumstick,Pod Development,19704,11764,79.03
27.8,88.5,46.4,0.0,Drumstick,Flowering,17654,10072,56.22
34.3,71.9,48.4,15.8,Pumpkin,Flowering,15990,6794,33.93
35.6,74.1,46.3,15.9,Onion,Nursery,5400,4872,38.79
33.1,49.3,36.8,0.0,Bitter Gourd,Fruiting,16539,18898,40.74
32.5,71.9,44.9,4.4,Tomato,Vegetative,11400,7973,48.87
32.2,78.0,54.0,2.6,Brinjal,Fruiting,14739,12323,40.21
30.4,67.8,29.9,12.1,Cauliflower,Curd Initiation,11625,7376,47.81
32.7,76.7,42.3,28.5,Chilli,Fruiting,5583,2613,77.01
36.3,65.2,52.3,21.1,Bitter Gourd,Flowering,8327,4699,41.05
30.1,63.6,35.6,0.0,Tapioca,Root Initiation,20126,10040,28.02
29.2,65.9,43.3,0.2,Pumpkin,Vegetative,15299,9250,24.37
35.8,73.3,45.7,4.9,Onion,Bulb Development,5593,2713,32.36
33.5,76.7,47.8,10.3,Onion,Bulb Enlargement,7493,4351,31.25
30.1,84.3,54.3,18.4,Potato,Tuber Bulking,8276,8749,31.2
30.3,81.4,48.9,9.7,Tomato,Seedling,11660,5962,43.86
27.9,72.3,40.6,0.0,Potato,Maturity,10390,5914,34.99
31.1,66.6,42.3,34.2,Tapioca,Root Initiation,17496,15850,19.8
33.9,83.0,44.2,42.4,Chilli,Flowering,4608,4899,47.42
35.5,73.2,51.2,8.1,Banana,Flowering,28246,13841,49.65
34.3,81.8,39.2,39.1,Onion,Bulb Enlargement,12781,7782,35.47
34.9,78.1,27.4,12.0,Pumpkin,Fruit Development,12979,7351,24.26
32.7,66.6,36.3,1.2,Banana,Vegetative,40929,19716,49.47
26.6,80.1,65.0,30.7,Coriander,Leaf Expansion,1050,690,145.45
29.3,72.0,39.3,3.2,Bitter Gourd,Fruiting,18208,6392,61.72
33.3,61.1,29.5,22.2,Brinjal,Harvest,26787,19000,37.72
30.1,69.7,56.3,17.3,Tapioca,Vegetative,13403,11333,21.99
34.1,60.1,31.3,6.1,Onion,Vegetative,8249,7396,27.85
31.2,76.7,43.0,17.1,Tomato,Fruiting,19313,13837,43.39
32.4,81.3,34.8,26.9,Onion,Nursery,5400,3683,31.6
32.5,65.0,43.1,0.0,Chilli,Fruiting,8927,9280,45.33
30.8,69.0,41.4,41.0,Bitter Gourd,Harvest,19062,6414,74.26
33.9,76.4,52.8,0.0,Bitter Gourd,Flowering,8761,6356,55.5
27.9,51.9,47.0,6.7,Banana,Flowering,36777,45404,27.73
31.7,73.4,51.9,29.4,Drumstick,Harvest,18806,11529,44.31
33.5,80.1,51.4,23.8,Tapioca,Tuber Bulking,16246,8133,20.6
31.4,62.2,48.3,10.1,Cauliflower,Curd Initiation,12982,5354,63.45
33.0,70.6,50.1,34.7,Tapioca,Tuber Bulking,27499,15066,21.11
32.6,59.9,49.9,15.7,Brinjal,Vegetative,14961,13406,36.81
34.0,73.2,48.2,1.3,Bitter Gourd,Harvest,12912,10663,63.45
33.2,72.5,30.5,23.8,Potato,Vegetative,6474,5889,38.58
32.6,67.1,58.7,16.4,Bitter Gourd,Fruiting,13436,14931,44.23
32.2,72.1,47.1,22.0,Tomato,Fruiting,11753,7638,37.48
30.6,61.6,52.1,12.0,Cauliflower,Vegetative,8714,8982,30.37
33.8,70.3,46.7,22.8,Cauliflower,Harvest,15694,13569,36.17
33.1,66.0,36.2,16.1,Tomato,Fruiting,30842,19639,30.27
36.9,83.0,43.8,15.1,Potato,Tuber Initiation,5700,5583,26.22
31.5,76.0,44.5,12.1,Banana,Flowering,49105,17449,46.37
32.8,75.7,54.6,42.1,Tomato,Fruiting,17590,17073,33.11
35.4,73.5,46.9,49.4,Pumpkin,Vegetative,9600,7897,20.38
32.4,73.4,54.6,24.0,Tapioca,Vegetative,10800,9723,17.62
34.5,69.3,39.5,3.3,Coriander,Leaf Expansion,1419,1511,115.66
34.4,70.1,55.0,38.6,Tapioca,Maturity,21652,10972,21.24
31.6,76.2,49.5,6.3,Potato,Tuber Bulking,7901,5225,23.03
33.1,91.4,63.1,30.8,Chilli,Fruiting,5096,3501,64.96
37.3,84.1,52.6,13.8,Banana,Bunch Development,44550,30751,36.78
31.6,70.8,59.6,11.1,Cauliflower,Curd Development,8400,8964,28.25
30.8,70.0,44.8,3.2,Tomato,Seedling,11400,6873,37.38
34.7,77.1,37.0,5.7,Bitter Gourd,Harvest,15488,14233,49.52
28.6,70.5,53.8,4.6,Potato,Tuber Bulking,8452,6496,28.02
34.2,63.3,25.8,3.2,Drumstick,Pod Development,15968,7718,68.96
33.3,68.9,46.4,13.9,Bitter Gourd,Vegetative,7255,4465,55.14
26.3,71.3,50.7,3.9,Brinjal,Fruiting,21265,17698,46.24
33.5,74.5,55.1,9.1,Drumstick,Vegetative,8400,7717,42.77
32.3,61.1,30.5,5.0,Chilli,Flowering,6699,2460,81.44
28.7,62.8,61.7,0.0,Potato,Vegetative,5700,5633,26.58
33.9,74.1,45.2,18.6,Brinjal,Flowering,22207,21733,38.67
35.5,74.5,47.9,0.0,Bitter Gourd,Fruiting,7200,5599,40.69
33.4,66.4,48.1,22.0,Coriander,Seed Maturity,1438,1268,135.78
33.5,78.8,63.8,22.7,Onion,Maturity,11293,8836,53.64
36.3,75.5,37.1,32.2,Coriander,Flowering,1439,661,123.75
31.4,69.8,35.1,27.9,Brinjal,Vegetative,27145,32358,33.72
33.4,68.1,34.8,17.9,Potato,Tuber Bulking,11611,9036,35.27
29.8,67.1,27.9,26.2,Tomato,Seedling,15432,5877,46.4
30.0,52.1,25.2,7.4,Tapioca,Tuber Bulking,20661,13826,24.14
33.1,60.6,44.8,0.0,Tapioca,Root Initiation,16181,16530,19.85
35.5,66.7,23.9,20.4,Chilli,Seedling,3600,3812,52.99
25.5,55.0,55.5,18.6,Onion,Nursery,5400,3019,31.36
30.4,70.4,55.0,24.9,Cauliflower,Harvest,21590,15683,57.98
30.4,64.3,44.2,35.5,Potato,Maturity,9441,6299,30.37
34.8,81.3,45.6,19.4,Tapioca,Maturity,20736,10550,23.31
33.0,74.4,46.2,0.0,Chilli,Seedling,3600,2093,73.82
31.5,83.7,59.5,26.5,Pumpkin,Flowering,13011,6294,28.89
30.2,78.5,35.4,12.5,Brinjal,Vegetative,21182,13126,52.69
31.0,78.3,56.3,2.6,Cauliflower,Harvest,15372,10485,55.58
28.5,76.7,55.8,18.2,Tomato,Vegetative,11744,12194,36.71
36.6,58.6,53.6,20.1,Potato,Maturity,10113,9500,23.6
33.3,75.7,46.0,26.9,Potato,Vegetative,6283,3139,36.39
36.6,75.8,35.1,16.8,Pumpkin,Vegetative,9651,7990,18.24
35.9,88.2,60.8,18.0,Potato,Maturity,10842,5015,39.64
32.4,74.2,48.9,17.3,Banana,Maturity,65995,57582,29.05
33.5,60.2,27.7,9.5,Tomato,Flowering,18483,20542,27.93
28.2,67.3,46.3,5.6,Drumstick,Flowering,20579,9463,60.01
34.1,59.3,29.4,12.6,Chilli,Fruiting,10995,13548,37.5
30.8,73.7,51.6,20.1,Chilli,Fruiting,3600,1092,114.11
32.0,66.3,57.9,11.3,Bitter Gourd,Fruiting,11198,8434,67.99
27.9,59.5,50.6,0.0,Pumpkin,Flowering,14087,8490,30.3
32.2,57.2,44.2,4.4,Pumpkin,Flowering,17946,22595,15.56
34.7,71.9,42.3,16.3,Drumstick,Pod Development,17243,16123,60.36
34.5,71.7,43.7,40.6,Cauliflower,Curd Initiation,10565,9378,45.07
34.0,86.5,45.8,30.2,Chilli,Fruiting,3600,2312,60.86
32.5,64.7,48.9,24.6,Chilli,Harvest,6559,6320,59.41
31.6,68.7,45.4,20.1,Potato,Vegetative,7578,4828,35.48
33.8,69.5,48.9,2.4,Brinjal,Harvest,23462,16701,59.24
33.0,72.8,47.1,24.0,Coriander,Flowering,1188,898,124.87
31.5,56.4,46.9,0.0,Pumpkin,Flowering,13144,10894,31.54
28.2,74.5,39.3,32.1,Cauliflower,Vegetative,11798,3620,42.56
30.5,66.4,52.9,7.6,Banana,Vegetative,27000,20967,35.54
33.7,66.1,35.9,15.7,Drumstick,Vegetative,13480,7803,53.66
29.1,75.3,46.5,42.7,Onion,Vegetative,5400,3655,25.93
30.7,78.4,44.2,0.1,Tomato,Maturity,24412,15926,37.09
29.2,63.1,38.5,20.4,Cauliflower,Seedling,8400,5764,40.7
31.4,66.6,56.7,30.5,Onion,Maturity,8675,6179,40.22
29.8,65.0,31.2,7.8,Drumstick,Harvest,22887,10720,67.48
33.5,61.4,41.0,0.0,Tapioca,Vegetative,15378,11154,25.47
32.2,78.2,37.7,26.6,Bitter Gourd,Harvest,14669,8118,59.99
33.8,88.4,49.5,16.5,Brinjal,Harvest,19973,11607,53.11
34.3,86.5,51.3,50.9,Coriander,Leaf Expansion,1405,753,131.38
35.0,54.1,37.6,15.1,Tapioca,Vegetative,12625,14861,17.15
30.6,81.2,41.4,4.1,Coriander,Flowering,1308,686,125.26
27.2,72.4,57.2,9.7,Tapioca,Root Initiation,10962,6802,26.86
34.5,78.8,56.8,58.5,Potato,Tuber Initiation,6894,6835,25.83
35.6,60.3,19.3,14.3,Drumstick,Flowering,8400,4832,64.39
29.7,83.9,44.4,11.8,Tapioca,Maturity,26043,40936,12.62
36.1,68.9,38.4,7.5,Brinjal,Flowering,17428,12834,42.11
33.0,85.7,56.8,37.1,Chilli,Fruiting,8289,6796,54.47
31.5,61.8,34.0,5.6,Chilli,Seedling,3600,4533,49.54
32.0,61.4,39.2,0.0,Potato,Maturity,10690,11062,23.4
32.2,68.7,51.2,25.0,Coriander,Seed Maturity,2305,2107,119.07
33.7,69.5,36.7,0.0,Bitter Gourd,Vegetative,7310,7132,37.58
31.1,66.6,51.9,1.6,Tomato,Flowering,16699,13034,38.5
34.9,77.8,56.1,28.2,Tapioca,Maturity,19573,11254,18.51
32.1,62.2,32.8,14.2,Tapioca,Root Initiation,19772,11630,22.71
32.8,65.4,40.0,15.3,Brinjal,Seedling,14060,11162,37.85
34.5,82.0,48.7,21.4,Pumpkin,Vegetative,9600,12154,16.66
31.4,83.3,38.5,32.2,Banana,Maturity,63093,77078,19.27
31.4,85.9,38.1,37.6,Banana,Flowering,56847,50192,28.62
32.3,69.3,50.2,0.0,Banana,Vegetative,39307,44230,23.14
31.4,87.8,37.4,12.8,Coriander,Seed Maturity,1793,952,163.56
27.9,72.0,46.4,17.0,Tapioca,Maturity,28482,37399,17.4
31.0,67.9,36.0,0.0,Onion,Maturity,11974,8036,37.47
30.0,65.2,35.0,7.8,Potato,Vegetative,5992,5286,33.93
32.0,67.3,39.8,41.1,Drumstick,Flowering,15481,13517,60.01
29.9,84.6,35.6,8.0,Potato,Tuber Initiation,8051,6241,33.76
32.0,90.7,55.9,11.8,Potato,Tuber Initiation,8546,10040,27.34
34.6,65.9,44.0,8.3,Coriander,Leaf Expansion,1319,1100,103.77
31.0,64.4,24.3,6.3,Bitter Gourd,Harvest,20229,20571,39.69
29.2,73.8,53.6,0.0,Tapioca,Tuber Bulking,25479,19610,26.89
35.1,75.8,50.5,18.2,Tomato,Seedling,11400,13237,25.91
29.1,85.2,38.7,21.7,Pumpkin,Fruit Development,20494,13885,31.23
28.8,70.8,53.5,5.6,Banana,Maturity,57627,39740,34.71
32.1,83.4,49.4,5.8,Pumpkin,Maturity,20710,13936,21.76
30.6,65.1,42.8,0.0,Banana,Flowering,72896,30158,34.07
27.6,65.1,49.6,1.9,Pumpkin,Flowering,12804,9996,19.92
35.6,73.9,31.8,26.5,Drumstick,Vegetative,10247,7417,43.43
30.0,65.0,39.1,0.0,Cauliflower,Curd Development,12992,10993,24.71
30.9,81.7,54.2,7.6,Drumstick,Flowering,8648,2399,66.46
28.2,65.7,46.2,9.8,Potato,Maturity,10775,5591,33.15
34.1,89.6,65.0,57.9,Chilli,Fruiting,7404,5346,68.28
36.5,84.2,46.2,40.6,Cauliflower,Seedling,8400,8549,50.46
33.8,81.9,30.4,26.7,Cauliflower,Harvest,15560,13202,27.7
29.1,61.0,38.7,2.3,Tapioca,Tuber Bulking,18240,9427,24.0
35.2,65.2,39.7,23.1,Brinjal,Seedling,12600,9808,41.81
32.1,84.1,48.9,6.2,Onion,Vegetative,6971,6762,31.47
31.8,85.5,63.3,37.8,Cauliflower,Curd Development,8400,5839,40.54
30.4,56.2,40.5,15.8,Onion,Nursery,5400,3110,36.62
32.8,70.6,38.9,9.4,Tomato,Seedling,11400,7563,39.93
32.7,69.5,42.5,7.5,Potato,Tuber Initiation,6264,3482,26.99
35.2,83.4,49.8,23.1,Onion,Bulb Enlargement,8362,8803,33.21
30.0,93.8,52.3,19.1,Banana,Maturity,69797,64722,28.19
28.5,86.0,49.6,45.7,Chilli,Fruiting,6143,2045,103.74
34.5,59.5,56.1,4.6,Banana,Bunch Development,47825,36017,32.07
32.0,70.0,62.2,19.2,Tomato,Maturity,12612,6368,54.74
27.6,62.2,43.3,7.9,Onion,Vegetative,8257,6909,36.11
32.8,78.7,57.0,28.8,Brinjal,Flowering,17835,11453,47.16
33.7,66.0,36.5,22.0,Banana,Vegetative,37052,29146,38.6
33.8,76.6,47.8,24.5,Banana,Vegetative,34857,17755,35.78
28.2,70.3,51.5,47.8,Chilli,Flowering,8707,4588,76.03
29.2,74.5,37.6,0.0,Potato,Tuber Bulking,8542,5546,40.51
31.2,55.7,35.4,21.1,Cauliflower,Curd Initiation,12814,10491,34.58
38.3,76.7,48.0,6.1,Chilli,Harvest,4282,2049,64.26
28.1,73.8,49.0,27.4,Onion,Bulb Enlargement,11592,4203,44.26
34.7,63.6,45.8,33.9,Tomato,Vegetative,11400,3081,44.75
31.7,82.9,49.4,36.9,Brinjal,Harvest,28551,24118,51.6
28.9,46.7,49.9,12.0,Pumpkin,Maturity,14743,10084,21.82
34.5,83.4,38.4,22.8,Coriander,Leaf Expansion,1562,909,148.54
26.3,64.9,54.9,37.2,Cauliflower,Curd Development,12813,3649,40.28
33.0,97.0,53.4,43.3,Banana,Vegetative,40811,26848,25.97
30.9,59.9,56.7,12.7,Banana,Bunch Development,53506,77340,13.69
27.1,85.7,56.7,56.1,Onion,Vegetative,5400,4099,41.96
33.7,74.5,40.0,10.7,Onion,Nursery,5400,4888,36.54
24.9,67.7,40.1,0.0,Pumpkin,Fruit Development,21690,12962,22.16
32.3,84.7,58.6,0.0,Banana,Bunch Development,40711,35001,25.7
38.5,70.3,30.9,29.9,Chilli,Vegetative,4318,2926,61.48
34.0,57.3,53.8,18.4,Coriander,Leaf Expansion,1050,955,105.29
33.8,64.2,48.5,21.5,Brinjal,Seedling,12600,9383,47.06
31.7,94.3,48.1,13.7,Bitter Gourd,Fruiting,10451,4627,59.78
33.0,52.3,35.5,0.0,Chilli,Seedling,3600,2272,68.06
34.4,60.6,39.1,27.9,Onion,Bulb Enlargement,8901,3018,32.23
32.5,64.2,42.6,7.0,Pumpkin,Maturity,19286,9620,25.14
26.2,76.7,49.9,27.5,Onion,Nursery,5400,1319,48.15
30.3,64.5,39.4,0.0,Drumstick,Vegetative,14913,11923,54.27
31.8,67.3,36.7,13.6,Brinjal,Harvest,32034,21644,59.09
31.6,78.0,38.9,44.6,Brinjal,Seedling,16146,8695,51.1
35.5,62.0,45.6,14.1,Drumstick,Flowering,14725,10789,54.02
28.8,59.9,35.1,30.6,Drumstick,Pod Development,21619,21974,52.29
29.1,74.5,44.6,0.0,Banana,Bunch Development,77216,56097,42.02
32.7,76.8,65.0,10.3,Brinjal,Fruiting,23312,13122,57.9
32.7,66.7,43.4,8.4,Onion,Bulb Enlargement,5400,4318,44.5
31.8,67.7,43.1,4.6,Tomato,Maturity,30820,39672,21.82
34.4,66.2,48.0,24.6,Drumstick,Pod Development,17136,10100,50.65
32.7,68.3,52.0,0.0,Cauliflower,Vegetative,8400,5332,45.41
33.6,64.5,44.2,0.0,Bitter Gourd,Harvest,11525,9370,40.49
35.6,69.7,57.3,6.4,Cauliflower,Harvest,16494,15719,23.67
33.5,85.0,35.0,33.4,Tomato,Maturity,22902,18990,29.64
26.2,53.5,39.8,10.9,Tomato,Flowering,23052,11043,39.81
37.2,72.8,46.7,22.2,Coriander,Flowering,1558,878,148.56
36.7,70.3,55.4,17.6,Pumpkin,Flowering,12162,11817,15.98
33.9,64.6,40.0,6.5,Onion,Maturity,11618,7157,26.97
34.3,78.6,48.8,14.7,Tapioca,Vegetative,13734,7311,25.14
24.8,75.1,42.3,11.3,Coriander,Vegetative,1050,650,137.96
33.2,64.9,43.3,3.4,Pumpkin,Fruit Development,10986,7172,24.67
30.5,68.0,41.9,15.9,Drumstick,Vegetative,9394,9490,48.35
36.6,67.3,53.4,27.8,Coriander,Leaf Expansion,1298,1147,107.87
38.4,80.9,42.4,31.3,Cauliflower,Vegetative,8400,4219,49.73
32.0,60.7,61.5,9.8,Drumstick,Harvest,13881,11404,59.22
38.4,68.2,49.2,11.6,Potato,Tuber Initiation,7229,6768,27.58
31.4,71.7,57.1,7.7,Brinjal,Harvest,22200,24845,34.93
30.5,70.8,32.1,20.4,Banana,Bunch Development,73321,60655,36.88
32.6,59.3,42.8,4.2,Cauliflower,Vegetative,9511,4578,56.11
31.8,70.9,47.8,8.1,Banana,Flowering,45702,23225,41.02
30.5,75.8,48.4,28.5,Drumstick,Vegetative,8400,6000,48.44
33.0,80.4,56.9,20.8,Bitter Gourd,Harvest,14156,6066,69.08
32.1,62.5,49.3,21.7,Chilli,Harvest,7854,5825,73.66
33.9,74.4,48.0,5.0,Cauliflower,Curd Initiation,10615,8022,62.49
32.2,51.4,34.9,0.0,Cauliflower,Curd Initiation,12792,9334,62.31
32.6,67.3,43.1,25.9,Tapioca,Root Initiation,17968,12082,27.54
32.8,74.4,39.3,4.8,Tapioca,Maturity,24933,34906,11.85
28.1,62.4,54.4,35.1,Potato,Tuber Initiation,7319,3553,47.21
35.8,70.1,30.4,13.1,Potato,Tuber Initiation,9484,5366,30.42
32.9,77.3,38.3,0.6,Brinjal,Seedling,15570,4857,64.66
32.5,70.0,46.8,13.9,Bitter Gourd,Flowering,7200,4841,49.75
31.1,63.7,53.3,19.5,Brinjal,Seedling,12600,11105,45.27
27.1,70.4,52.9,26.7,Brinjal,Seedling,12600,8393,49.95
30.5,66.1,47.7,25.5,Bitter Gourd,Fruiting,15170,9553,44.82
36.0,71.3,44.6,22.9,Pumpkin,Vegetative,9600,9109,16.52
30.7,78.0,47.4,10.7,Bitter Gourd,Flowering,10312,9904,45.27
31.5,72.0,44.7,14.7,Tomato,Vegetative,13121,10835,29.89
35.8,67.1,40.8,21.5,Chilli,Flowering,4614,4252,47.01
33.2,68.4,47.4,15.6,Potato,Maturity,13442,9676,34.36
31.5,76.0,56.6,20.5,Tomato,Seedling,11400,8057,45.87
30.2,93.4,52.7,14.0,Banana,Vegetative,40687,36632,30.06
27.9,61.2,41.9,4.2,Tapioca,Maturity,24619,12351,21.97
37.4,80.1,38.9,21.2,Cauliflower,Seedling,8400,5641,40.54
30.9,78.3,54.2,8.7,Banana,Vegetative,32946,20019,39.59
33.7,83.8,53.3,44.2,Pumpkin,Flowering,12366,10713,21.97
29.5,64.4,65.0,12.4,Drumstick,Vegetative,8400,5518,55.13
34.3,77.1,43.8,0.7,Banana,Maturity,67006,33860,46.33
33.9,78.5,65.0,23.4,Brinjal,Seedling,12600,15487,33.9
30.8,74.4,65.0,31.3,Tomato,Maturity,16182,6020,51.53
33.6,75.4,57.9,10.9,Onion,Bulb Enlargement,8970,5422,36.53
32.0,69.1,48.0,8.3,Potato,Maturity,12811,10198,36.81
34.1,83.2,54.3,21.9,Brinjal,Seedling,12600,8880,49.33
35.2,79.2,53.1,23.0,Drumstick,Harvest,21460,9542,76.6
29.8,77.1,54.0,30.0,Tapioca,Vegetative,10800,12068,18.62
31.2,65.0,45.4,35.0,Onion,Nursery,5400,5830,23.49
37.4,64.6,36.7,15.2,Onion,Maturity,7942,5894,38.12
32.3,75.4,46.2,0.0,Chilli,Flowering,5452,3487,76.71
30.1,63.6,31.2,6.0,Tapioca,Root Initiation,20088,6792,33.73
35.5,75.5,41.8,11.0,Drumstick,Harvest,21792,18725,35.55
32.7,74.7,55.2,0.0,Potato,Vegetative,6259,5955,28.65
31.0,66.0,26.8,8.7,Drumstick,Harvest,21123,22627,45.61
33.1,70.4,39.2,4.2,Tapioca,Maturity,21446,13441,20.26
28.8,62.1,35.2,19.5,Brinjal,Seedling,15089,12106,40.84
30.4,77.6,42.3,12.2,Pumpkin,Flowering,21557,30554,16.15
28.6,59.7,47.5,0.2,Chilli,Seedling,3600,2403,100.59
26.5,78.3,48.5,6.6,Tapioca,Root Initiation,17031,12209,25.93
32.1,75.6,39.3,10.3,Potato,Vegetative,5700,3877,43.82
31.5,78.9,49.9,30.8,Brinjal,Seedling,12939,4937,68.53
34.7,74.1,32.7,15.5,Onion,Bulb Enlargement,9660,8178,22.22
32.8,73.5,41.8,1.2,Tapioca,Tuber Bulking,23250,7831,26.36
35.6,74.5,55.2,3.0,Banana,Maturity,55702,57622,23.31
30.8,68.0,36.0,16.6,Onion,Bulb Enlargement,9516,5887,36.88
35.1,87.8,46.4,20.9,Cauliflower,Seedling,8400,7434,38.09
26.2,47.8,41.5,5.0,Cauliflower,Harvest,17278,15256,42.48
30.8,75.4,55.5,6.0,Cauliflower,Curd Initiation,11836,11860,32.47
33.1,65.1,54.6,24.9,Banana,Flowering,41805,26238,36.03
31.5,71.2,32.9,24.3,Potato,Tuber Initiation,6866,5554,26.29
31.7,67.5,45.9,33.8,Cauliflower,Seedling,8400,6322,49.66
33.9,84.0,36.7,12.9,Drumstick,Harvest,16195,22898,32.21
33.4,56.2,43.4,0.0,Banana,Vegetative,29030,26762,23.89
32.2,61.3,39.1,6.0,Pumpkin,Vegetative,12578,8031,25.1
33.8,74.0,58.4,14.2,Onion,Bulb Development,5574,4690,36.94
33.1,86.9,49.7,40.5,Tapioca,Vegetative,12244,8908,21.11
33.1,94.2,65.0,12.6,Banana,Bunch Development,51338,67294,19.73
29.0,73.6,52.3,0.0,Brinjal,Fruiting,19258,15300,38.55
27.5,91.7,65.0,32.2,Brinjal,Fruiting,18088,20803,31.2
31.1,85.4,49.7,32.0,Tapioca,Maturity,20872,12728,15.68
32.2,63.0,33.4,18.8,Tomato,Seedling,11400,7413,40.92
39.0,75.0,44.0,19.1,Banana,Maturity,37700,41266,24.15
31.1,65.5,35.3,4.4,Banana,Vegetative,38738,26921,27.66
31.6,71.9,43.9,0.0,Tapioca,Vegetative,10991,7389,21.3
36.2,71.2,49.9,13.2,Bitter Gourd,Fruiting,9661,6674,48.64
33.0,69.5,42.0,0.0,Cauliflower,Seedling,8400,5317,39.56
28.4,65.1,54.6,28.7,Chilli,Seedling,3600,1856,103.4
